test_id,trial_curr,trial_total,rep,reps,steps,steps_max,pbp,pres_mode,perception_count,retrieval_count,sol,solved,timestamp,activity->feature->hyp_base,activity->obj->hyp_base,activity->selector->hyp_base
_8505e3d32d14ea58,1,120,2,5,68,2500,pbp02,interleaved-sim-sim,65,35,"Only in the right scenes, exists: ( objects that are 2)",true,2022-05-24T14:53:56.596Z,,,
_8505e3d32d14ea58,1,120,5,5,201,2500,pbp02,interleaved-sim-sim,192,451,"Only in the right scenes, exists: ( objects that are 2)",true,2022-05-24T14:53:56.598Z,,,
_8505e3d32d14ea58,1,120,3,5,79,2500,pbp02,interleaved-sim-sim,86,43,"Only in the left scenes, exists: ( objects that are 1)",true,2022-05-24T14:53:56.591Z,,,
_8505e3d32d14ea58,1,120,4,5,70,2500,pbp02,interleaved-sim-sim,58,64,"Only in the right scenes, exists: ( objects that are 2)",true,2022-05-24T14:53:56.593Z,,,
_8505e3d32d14ea58,1,120,1,5,132,2500,pbp02,interleaved-sim-sim,125,95,"Only in the left scenes, exists: ( objects that are 1)",true,2022-05-24T14:53:56.583Z,,,
_8505e3d32d14ea58,2,120,1,5,212,2500,pbp02,interleaved-sim-dis,153,712,"Only in the right scenes, exists: ( objects that are 2)",true,2022-05-24T14:54:00.688Z,,,
_8505e3d32d14ea58,2,120,2,5,170,2500,pbp02,interleaved-sim-dis,156,312,"Only in the left scenes, exists: ( objects that are 1)",true,2022-05-24T14:54:00.691Z,,,
_8505e3d32d14ea58,2,120,3,5,195,2500,pbp02,interleaved-sim-dis,131,621,"Only in the left scenes, exists: ( objects that are 1)",true,2022-05-24T14:54:00.694Z,,,
_8505e3d32d14ea58,2,120,4,5,62,2500,pbp02,interleaved-sim-dis,45,30,"Only in the left scenes, exists: ( objects that are 1)",true,2022-05-24T14:54:00.696Z,,,
_8505e3d32d14ea58,2,120,5,5,202,2500,pbp02,interleaved-sim-dis,197,695,"Only in the right scenes, exists: ( objects that are 2)",true,2022-05-24T14:54:00.699Z,,,
_8505e3d32d14ea58,3,120,1,5,84,2500,pbp02,interleaved-dis-sim,84,38,"Only in the right scenes, exists: ( objects that are 2)",true,2022-05-24T14:54:04.680Z,,,
_8505e3d32d14ea58,3,120,2,5,63,2500,pbp02,interleaved-dis-sim,57,46,"Only in the left scenes, exists: ( objects that are 1)",true,2022-05-24T14:54:04.682Z,,,
_8505e3d32d14ea58,3,120,4,5,304,2500,pbp02,interleaved-dis-sim,239,739,"Only in the right scenes, exists: ( objects that are 2)",true,2022-05-24T14:54:04.685Z,,,
_8505e3d32d14ea58,3,120,3,5,138,2500,pbp02,interleaved-dis-sim,126,64,"Only in the left scenes, exists: ( objects that are 1)",true,2022-05-24T14:54:04.687Z,,,
_8505e3d32d14ea58,3,120,5,5,272,2500,pbp02,interleaved-dis-sim,225,337,"Only in the left scenes, exists: ( objects that are 1)",true,2022-05-24T14:54:04.690Z,,,
_8505e3d32d14ea58,4,120,1,5,285,2500,pbp02,interleaved-dis-dis,232,214,"Only in the right scenes, exists: ( objects that are 2)",true,2022-05-24T14:54:09.839Z,,,
_8505e3d32d14ea58,4,120,5,5,243,2500,pbp02,interleaved-dis-dis,226,489,"Only in the left scenes, exists: ( objects that are 1)",true,2022-05-24T14:54:09.842Z,,,
_8505e3d32d14ea58,4,120,2,5,98,2500,pbp02,interleaved-dis-dis,83,56,"Only in the right scenes, exists: ( objects that are 2)",true,2022-05-24T14:54:09.846Z,,,
_8505e3d32d14ea58,4,120,4,5,322,2500,pbp02,interleaved-dis-dis,261,1178,"Only in the left scenes, exists: ( objects that are 1)",true,2022-05-24T14:54:09.851Z,,,
_8505e3d32d14ea58,4,120,3,5,169,2500,pbp02,interleaved-dis-dis,189,261,"Only in the right scenes, exists: ( objects that are 2)",true,2022-05-24T14:54:09.855Z,,,
_8505e3d32d14ea58,5,120,1,5,139,2500,pbp02,blocked-sim-sim,133,121,"Only in the left scenes, exists: ( objects that are 1)",true,2022-05-24T14:54:14.108Z,,,
_8505e3d32d14ea58,5,120,2,5,251,2500,pbp02,blocked-sim-sim,276,509,"Only in the left scenes, exists: ( objects that are 1)",true,2022-05-24T14:54:14.111Z,,,
_8505e3d32d14ea58,5,120,3,5,119,2500,pbp02,blocked-sim-sim,137,51,"Only in the right scenes, exists: ( objects that are 2)",true,2022-05-24T14:54:14.115Z,,,
_8505e3d32d14ea58,5,120,4,5,178,2500,pbp02,blocked-sim-sim,181,248,"Only in the right scenes, exists: ( objects that are 2)",true,2022-05-24T14:54:14.117Z,,,
_8505e3d32d14ea58,5,120,5,5,239,2500,pbp02,blocked-sim-sim,253,497,"Only in the left scenes, exists: ( objects that are 1)",true,2022-05-24T14:54:14.123Z,,,
_8505e3d32d14ea58,6,120,1,5,270,2500,pbp02,blocked-sim-dis,255,442,"Only in the right scenes, exists: ( objects that are 2)",true,2022-05-24T14:54:35.221Z,,,
_8505e3d32d14ea58,6,120,2,5,192,2500,pbp02,blocked-sim-dis,199,378,"Only in the right scenes, exists: ( objects that are 2)",true,2022-05-24T14:54:35.223Z,,,
_8505e3d32d14ea58,6,120,3,5,260,2500,pbp02,blocked-sim-dis,271,434,"Only in the right scenes, exists: ( objects that are 2)",true,2022-05-24T14:54:35.225Z,,,
_8505e3d32d14ea58,6,120,4,5,135,2500,pbp02,blocked-sim-dis,140,385,"Only in the left scenes, exists: ( objects that are 1)",true,2022-05-24T14:54:35.227Z,,,
_8505e3d32d14ea58,6,120,5,5,202,2500,pbp02,blocked-sim-dis,187,458,"Only in the right scenes, exists: ( objects that are 2)",true,2022-05-24T14:54:35.229Z,,,
_2738d30ce1b1638f,1,120,2,5,113,2500,pbp02,interleaved-sim-sim,131,69,"Only in the right scenes, exists: ( objects that are 2)",true,2022-05-24T14:55:13.253Z,,,
_2738d30ce1b1638f,1,120,3,5,129,2500,pbp02,interleaved-sim-sim,131,62,"Only in the left scenes, exists: ( objects that are 1)",true,2022-05-24T14:55:13.255Z,,,
_2738d30ce1b1638f,1,120,1,5,128,2500,pbp02,interleaved-sim-sim,148,152,"Only in the left scenes, exists: ( objects that are 1)",true,2022-05-24T14:55:13.257Z,,,
_2738d30ce1b1638f,1,120,4,5,100,2500,pbp02,interleaved-sim-sim,96,98,"Only in the right scenes, exists: ( objects that are 2)",true,2022-05-24T14:55:13.260Z,,,
_2738d30ce1b1638f,1,120,5,5,111,2500,pbp02,interleaved-sim-sim,116,141,"Only in the right scenes, exists: ( objects that are 2)",true,2022-05-24T14:55:13.264Z,,,
_2738d30ce1b1638f,2,120,1,5,188,2500,pbp02,interleaved-sim-dis,169,314,"Only in the left scenes, exists: ( objects that are 1)",true,2022-05-24T14:55:17.647Z,,,
_2738d30ce1b1638f,2,120,2,5,103,2500,pbp02,interleaved-sim-dis,98,151,"Only in the right scenes, exists: ( objects that are 2)",true,2022-05-24T14:55:17.648Z,,,
_2738d30ce1b1638f,2,120,3,5,358,2500,pbp02,interleaved-sim-dis,267,1459,"Only in the right scenes, exists: ( objects that are 2)",true,2022-05-24T14:55:17.650Z,,,
_2738d30ce1b1638f,2,120,4,5,217,2500,pbp02,interleaved-sim-dis,180,652,"Only in the right scenes, exists: ( objects that are 2)",true,2022-05-24T14:55:17.653Z,,,
_2738d30ce1b1638f,2,120,5,5,50,2500,pbp02,interleaved-sim-dis,54,42,"Only in the right scenes, exists: ( objects that are 2)",true,2022-05-24T14:55:17.655Z,,,
_2738d30ce1b1638f,3,120,1,5,139,2500,pbp02,interleaved-dis-sim,107,41,"Only in the right scenes, exists: ( objects that are 2)",true,2022-05-24T14:55:21.017Z,,,
_2738d30ce1b1638f,3,120,4,5,47,2500,pbp02,interleaved-dis-sim,55,24,"Only in the right scenes, exists: ( objects that are 2)",true,2022-05-24T14:55:21.019Z,,,
_2738d30ce1b1638f,3,120,2,5,113,2500,pbp02,interleaved-dis-sim,118,74,"Only in the left scenes, exists: ( objects that are 1)",true,2022-05-24T14:55:21.022Z,,,
_2738d30ce1b1638f,3,120,3,5,227,2500,pbp02,interleaved-dis-sim,209,195,"Only in the right scenes, exists: ( objects that are 2)",true,2022-05-24T14:55:21.026Z,,,
_2738d30ce1b1638f,3,120,5,5,199,2500,pbp02,interleaved-dis-sim,190,178,"Only in the right scenes, exists: ( objects that are 2)",true,2022-05-24T14:55:21.029Z,,,
_2738d30ce1b1638f,4,120,1,5,65,2500,pbp02,interleaved-dis-dis,74,30,"Only in the right scenes, exists: ( objects that are 2)",true,2022-05-24T14:55:24.887Z,,,
_2738d30ce1b1638f,4,120,2,5,305,2500,pbp02,interleaved-dis-dis,262,771,"Only in the left scenes, exists: ( objects that are 1)",true,2022-05-24T14:55:24.889Z,,,
_2738d30ce1b1638f,4,120,3,5,246,2500,pbp02,interleaved-dis-dis,227,313,"Only in the left scenes, all: (top-most objects that are 1)",true,2022-05-24T14:55:24.891Z,,,
_2738d30ce1b1638f,4,120,4,5,149,2500,pbp02,interleaved-dis-dis,140,245,"Only in the left scenes, exists: ( objects that are 1)",true,2022-05-24T14:55:24.893Z,,,
_2738d30ce1b1638f,4,120,5,5,69,2500,pbp02,interleaved-dis-dis,63,88,"Only in the left scenes, exists: ( objects that are 1)",true,2022-05-24T14:55:24.896Z,,,
_2738d30ce1b1638f,5,120,4,5,39,2500,pbp02,blocked-sim-sim,34,20,"Only in the right scenes, exists: ( objects that are 2)",true,2022-05-24T14:55:29.939Z,,,
_2738d30ce1b1638f,5,120,1,5,359,2500,pbp02,blocked-sim-sim,321,1164,"Only in the left scenes, exists: ( objects that are 1)",true,2022-05-24T14:55:29.941Z,,,
_2738d30ce1b1638f,5,120,5,5,209,2500,pbp02,blocked-sim-sim,190,557,"Only in the left scenes, exists: ( objects that are 1)",true,2022-05-24T14:55:29.943Z,,,
_2738d30ce1b1638f,5,120,2,5,268,2500,pbp02,blocked-sim-sim,270,1367,"Only in the right scenes, exists: ( objects that are 2)",true,2022-05-24T14:55:29.944Z,,,
_2738d30ce1b1638f,5,120,3,5,222,2500,pbp02,blocked-sim-sim,243,445,"Only in the left scenes, exists: ( objects that are 1)",true,2022-05-24T14:55:29.951Z,,,
_2738d30ce1b1638f,6,120,1,5,193,2500,pbp02,blocked-sim-dis,197,471,"Only in the right scenes, exists: ( objects that are 2)",true,2022-05-24T14:55:34.759Z,,,
_2738d30ce1b1638f,6,120,2,5,148,2500,pbp02,blocked-sim-dis,135,379,"Only in the left scenes, exists: ( objects that are 1)",true,2022-05-24T14:55:34.761Z,,,
_2738d30ce1b1638f,6,120,3,5,134,2500,pbp02,blocked-sim-dis,158,171,"Only in the left scenes, exists: ( objects that are 1)",true,2022-05-24T14:55:34.762Z,,,
_2738d30ce1b1638f,6,120,4,5,411,2500,pbp02,blocked-sim-dis,348,1877,"Only in the left scenes, exists: ( objects that are 1)",true,2022-05-24T14:55:34.764Z,,,
_2738d30ce1b1638f,6,120,5,5,158,2500,pbp02,blocked-sim-dis,174,327,"Only in the left scenes, exists: ( objects that are 1)",true,2022-05-24T14:55:34.767Z,,,
_2738d30ce1b1638f,7,120,1,5,269,2500,pbp02,blocked-dis-sim,243,945,"Only in the right scenes, exists: ( objects that are 2)",true,2022-05-24T14:55:39.771Z,,,
_2738d30ce1b1638f,7,120,3,5,200,2500,pbp02,blocked-dis-sim,202,635,"Only in the right scenes, exists: ( objects that are 2)",true,2022-05-24T14:55:39.772Z,,,
_2738d30ce1b1638f,7,120,4,5,336,2500,pbp02,blocked-dis-sim,289,452,"Only in the left scenes, exists: ( objects that are 1)",true,2022-05-24T14:55:39.773Z,,,
_2738d30ce1b1638f,7,120,2,5,190,2500,pbp02,blocked-dis-sim,196,590,"Only in the left scenes, exists: ( objects that are 1)",true,2022-05-24T14:55:39.775Z,,,
_2738d30ce1b1638f,7,120,5,5,96,2500,pbp02,blocked-dis-sim,73,83,"Only in the left scenes, exists: ( objects that are 1)",true,2022-05-24T14:55:39.778Z,,,
_2738d30ce1b1638f,8,120,2,5,232,2500,pbp02,blocked-dis-dis,227,374,"Only in the left scenes, exists: ( objects that are 1)",true,2022-05-24T14:55:45.653Z,,,
_2738d30ce1b1638f,8,120,1,5,245,2500,pbp02,blocked-dis-dis,218,521,"Only in the right scenes, exists: ( objects that are 2)",true,2022-05-24T14:55:45.656Z,,,
_2738d30ce1b1638f,8,120,5,5,328,2500,pbp02,blocked-dis-dis,268,955,"Only in the left scenes, exists: ( objects that are 1)",true,2022-05-24T14:55:45.658Z,,,
_2738d30ce1b1638f,8,120,3,5,238,2500,pbp02,blocked-dis-dis,209,482,"Only in the left scenes, exists: ( objects that are 1)",true,2022-05-24T14:55:45.661Z,,,
_2738d30ce1b1638f,8,120,4,5,243,2500,pbp02,blocked-dis-dis,218,783,"Only in the right scenes, exists: ( objects that are 2)",true,2022-05-24T14:55:45.667Z,,,
_2738d30ce1b1638f,9,120,1,5,54,2500,pbp04,interleaved-sim-sim,69,88,"Only in the right scenes, exists: (circle objects)",true,2022-05-24T14:55:47.783Z,,,
_2738d30ce1b1638f,9,120,2,5,49,2500,pbp04,interleaved-sim-sim,69,70,"Only in the left scenes, exists: (square objects)",true,2022-05-24T14:55:47.784Z,,,
_2738d30ce1b1638f,9,120,3,5,95,2500,pbp04,interleaved-sim-sim,125,173,"Only in the left scenes, exists: (square objects)",true,2022-05-24T14:55:47.786Z,,,
_2738d30ce1b1638f,9,120,4,5,91,2500,pbp04,interleaved-sim-sim,75,175,"Only in the left scenes, exists: (square objects)",true,2022-05-24T14:55:47.788Z,,,
_2738d30ce1b1638f,9,120,5,5,51,2500,pbp04,interleaved-sim-sim,94,77,"Only in the left scenes, exists: (square objects)",true,2022-05-24T14:55:47.791Z,,,
_2738d30ce1b1638f,10,120,1,5,41,2500,pbp04,interleaved-sim-dis,52,37,"Only in the right scenes, exists: (circle objects)",true,2022-05-24T14:55:49.356Z,,,
_2738d30ce1b1638f,10,120,2,5,94,2500,pbp04,interleaved-sim-dis,74,156,"Only in the right scenes, exists: (circle objects)",true,2022-05-24T14:55:49.358Z,,,
_2738d30ce1b1638f,10,120,3,5,57,2500,pbp04,interleaved-sim-dis,62,60,"Only in the right scenes, exists: (circle objects)",true,2022-05-24T14:55:49.359Z,,,
_2738d30ce1b1638f,10,120,4,5,44,2500,pbp04,interleaved-sim-dis,85,92,"Only in the left scenes, exists: (square objects)",true,2022-05-24T14:55:49.361Z,,,
_2738d30ce1b1638f,10,120,5,5,75,2500,pbp04,interleaved-sim-dis,68,77,"Only in the left scenes, exists: (square objects)",true,2022-05-24T14:55:49.365Z,,,
_2738d30ce1b1638f,11,120,1,5,39,2500,pbp04,interleaved-dis-sim,63,60,"Only in the right scenes, exists: (circle objects)",true,2022-05-24T14:55:51.293Z,,,
_2738d30ce1b1638f,11,120,2,5,54,2500,pbp04,interleaved-dis-sim,81,57,"Only in the right scenes, exists: (circle objects)",true,2022-05-24T14:55:51.295Z,,,
_2738d30ce1b1638f,11,120,3,5,65,2500,pbp04,interleaved-dis-sim,156,61,"Only in the right scenes, exists: (circle objects)",true,2022-05-24T14:55:51.297Z,,,
_2738d30ce1b1638f,11,120,4,5,88,2500,pbp04,interleaved-dis-sim,85,94,"Only in the right scenes, exists: (circle objects)",true,2022-05-24T14:55:51.299Z,,,
_2738d30ce1b1638f,11,120,5,5,139,2500,pbp04,interleaved-dis-sim,168,136,"Only in the right scenes, exists: (circle objects)",true,2022-05-24T14:55:51.302Z,,,
_2738d30ce1b1638f,12,120,1,5,50,2500,pbp04,interleaved-dis-dis,86,103,"Only in the left scenes, exists: (square objects)",true,2022-05-24T14:55:53.561Z,,,
_2738d30ce1b1638f,12,120,2,5,206,2500,pbp04,interleaved-dis-dis,266,275,"Only in the left scenes, exists: (square objects)",true,2022-05-24T14:55:53.562Z,,,
_2738d30ce1b1638f,12,120,3,5,108,2500,pbp04,interleaved-dis-dis,168,94,"Only in the left scenes, exists: (square objects)",true,2022-05-24T14:55:53.564Z,,,
_2738d30ce1b1638f,12,120,4,5,73,2500,pbp04,interleaved-dis-dis,87,211,"Only in the left scenes, exists: (square objects)",true,2022-05-24T14:55:53.566Z,,,
_2738d30ce1b1638f,12,120,5,5,45,2500,pbp04,interleaved-dis-dis,73,76,"Only in the right scenes, exists: (circle objects)",true,2022-05-24T14:55:53.568Z,,,
_2738d30ce1b1638f,13,120,1,5,45,2500,pbp04,blocked-sim-sim,52,37,"Only in the right scenes, exists: (circle objects)",true,2022-05-24T14:55:55.608Z,,,
_2738d30ce1b1638f,13,120,2,5,180,2500,pbp04,blocked-sim-sim,221,372,"Only in the right scenes, exists: (circle objects)",true,2022-05-24T14:55:55.610Z,,,
_2738d30ce1b1638f,13,120,3,5,33,2500,pbp04,blocked-sim-sim,65,37,"Only in the right scenes, exists: (circle objects)",true,2022-05-24T14:55:55.613Z,,,
_2738d30ce1b1638f,13,120,4,5,108,2500,pbp04,blocked-sim-sim,148,95,"Only in the right scenes, exists: (circle objects)",true,2022-05-24T14:55:55.616Z,,,
_2738d30ce1b1638f,13,120,5,5,67,2500,pbp04,blocked-sim-sim,106,71,"Only in the left scenes, exists: (square objects)",true,2022-05-24T14:55:55.620Z,,,
_2738d30ce1b1638f,14,120,1,5,115,2500,pbp04,blocked-sim-dis,208,276,"Only in the left scenes, exists: (square objects)",true,2022-05-24T14:55:57.530Z,,,
_2738d30ce1b1638f,14,120,4,5,60,2500,pbp04,blocked-sim-dis,116,55,"Only in the left scenes, exists: (square objects)",true,2022-05-24T14:55:57.532Z,,,
_2738d30ce1b1638f,14,120,2,5,47,2500,pbp04,blocked-sim-dis,73,42,"Only in the left scenes, exists: (square objects)",true,2022-05-24T14:55:57.535Z,,,
_2738d30ce1b1638f,14,120,3,5,109,2500,pbp04,blocked-sim-dis,174,224,"Only in the right scenes, exists: (circle objects)",true,2022-05-24T14:55:57.537Z,,,
_2738d30ce1b1638f,14,120,5,5,85,2500,pbp04,blocked-sim-dis,127,136,"Only in the left scenes, exists: (square objects)",true,2022-05-24T14:55:57.539Z,,,
_2738d30ce1b1638f,15,120,1,5,105,2500,pbp04,blocked-dis-sim,178,116,"Only in the left scenes, exists: (square objects)",true,2022-05-24T14:55:59.330Z,,,
_2738d30ce1b1638f,15,120,2,5,119,2500,pbp04,blocked-dis-sim,161,266,"Only in the left scenes, exists: (square objects)",true,2022-05-24T14:55:59.332Z,,,
_2738d30ce1b1638f,15,120,3,5,53,2500,pbp04,blocked-dis-sim,105,55,"Only in the left scenes, exists: (square objects)",true,2022-05-24T14:55:59.335Z,,,
_2738d30ce1b1638f,15,120,4,5,47,2500,pbp04,blocked-dis-sim,62,40,"Only in the right scenes, exists: (circle objects)",true,2022-05-24T14:55:59.337Z,,,
_2738d30ce1b1638f,15,120,5,5,62,2500,pbp04,blocked-dis-sim,84,92,"Only in the right scenes, exists: (circle objects)",true,2022-05-24T14:55:59.339Z,,,
_2738d30ce1b1638f,16,120,1,5,50,2500,pbp04,blocked-dis-dis,89,54,"Only in the left scenes, exists: (square objects)",true,2022-05-24T14:56:01.277Z,,,
_2738d30ce1b1638f,16,120,2,5,87,2500,pbp04,blocked-dis-dis,143,96,"Only in the right scenes, exists: (circle objects)",true,2022-05-24T14:56:01.279Z,,,
_2738d30ce1b1638f,16,120,3,5,100,2500,pbp04,blocked-dis-dis,182,150,"Only in the left scenes, exists: (square objects)",true,2022-05-24T14:56:01.281Z,,,
_2738d30ce1b1638f,16,120,4,5,84,2500,pbp04,blocked-dis-dis,117,49,"Only in the left scenes, exists: (square objects)",true,2022-05-24T14:56:01.282Z,,,
_2738d30ce1b1638f,16,120,5,5,95,2500,pbp04,blocked-dis-dis,120,60,"Only in the right scenes, exists: (circle objects)",true,2022-05-24T14:56:01.286Z,,,
_2738d30ce1b1638f,17,120,1,5,2499,2500,pbp08,interleaved-sim-sim,618,45153,,false,2022-05-24T14:57:00.385Z,,,
_2738d30ce1b1638f,17,120,2,5,2499,2500,pbp08,interleaved-sim-sim,633,57119,,false,2022-05-24T14:57:00.387Z,,,
_2738d30ce1b1638f,17,120,3,5,2499,2500,pbp08,interleaved-sim-sim,609,44058,,false,2022-05-24T14:57:00.389Z,,,
_2738d30ce1b1638f,17,120,4,5,2499,2500,pbp08,interleaved-sim-sim,614,51128,,false,2022-05-24T14:57:00.392Z,,,
_2738d30ce1b1638f,17,120,5,5,2499,2500,pbp08,interleaved-sim-sim,632,60026,,false,2022-05-24T14:57:00.395Z,,,
_2738d30ce1b1638f,18,120,2,5,2499,2500,pbp08,interleaved-sim-dis,619,56659,,false,2022-05-24T14:57:58.968Z,,,
_2738d30ce1b1638f,18,120,1,5,2499,2500,pbp08,interleaved-sim-dis,601,57006,,false,2022-05-24T14:57:58.970Z,,,
_2738d30ce1b1638f,18,120,3,5,2499,2500,pbp08,interleaved-sim-dis,631,59519,,false,2022-05-24T14:57:58.973Z,,,
_2738d30ce1b1638f,18,120,4,5,2499,2500,pbp08,interleaved-sim-dis,628,57969,,false,2022-05-24T14:57:58.975Z,,,
_2738d30ce1b1638f,18,120,5,5,2499,2500,pbp08,interleaved-sim-dis,624,51069,,false,2022-05-24T14:57:58.986Z,,,
_2738d30ce1b1638f,19,120,1,5,2499,2500,pbp08,interleaved-dis-sim,629,65056,,false,2022-05-24T14:59:00.975Z,,,
_2738d30ce1b1638f,19,120,2,5,2499,2500,pbp08,interleaved-dis-sim,625,49593,,false,2022-05-24T14:59:00.977Z,,,
_2738d30ce1b1638f,19,120,3,5,2499,2500,pbp08,interleaved-dis-sim,640,64474,,false,2022-05-24T14:59:00.978Z,,,
_2738d30ce1b1638f,19,120,4,5,2499,2500,pbp08,interleaved-dis-sim,628,59581,,false,2022-05-24T14:59:00.979Z,,,
_2738d30ce1b1638f,19,120,5,5,2499,2500,pbp08,interleaved-dis-sim,627,66852,,false,2022-05-24T14:59:00.981Z,,,
_2738d30ce1b1638f,20,120,2,5,2499,2500,pbp08,interleaved-dis-dis,628,64067,,false,2022-05-24T15:00:02.310Z,,,
_2738d30ce1b1638f,20,120,3,5,2499,2500,pbp08,interleaved-dis-dis,640,69732,,false,2022-05-24T15:00:02.312Z,,,
_2738d30ce1b1638f,20,120,5,5,2499,2500,pbp08,interleaved-dis-dis,627,64089,,false,2022-05-24T15:00:02.314Z,,,
_2738d30ce1b1638f,20,120,1,5,2499,2500,pbp08,interleaved-dis-dis,618,55502,,false,2022-05-24T15:00:02.316Z,,,
_2738d30ce1b1638f,20,120,4,5,2499,2500,pbp08,interleaved-dis-dis,638,64712,,false,2022-05-24T15:00:02.320Z,,,
_2738d30ce1b1638f,21,120,1,5,2499,2500,pbp08,blocked-sim-sim,603,42630,,false,2022-05-24T15:25:57.162Z,,,
_2738d30ce1b1638f,21,120,2,5,2499,2500,pbp08,blocked-sim-sim,635,56351,,false,2022-05-24T15:25:57.167Z,,,
_2738d30ce1b1638f,21,120,3,5,2499,2500,pbp08,blocked-sim-sim,609,43136,,false,2022-05-24T15:25:57.168Z,,,
_2738d30ce1b1638f,21,120,4,5,2499,2500,pbp08,blocked-sim-sim,605,44575,,false,2022-05-24T15:25:57.169Z,,,
_2738d30ce1b1638f,21,120,5,5,2499,2500,pbp08,blocked-sim-sim,606,51150,,false,2022-05-24T15:25:57.171Z,,,
_019b535286fa490a,22,120,4,5,2499,2500,pbp08,blocked-sim-dis,624,47972,,false,2022-05-24T15:29:15.842Z,,,
_019b535286fa490a,22,120,5,5,2499,2500,pbp08,blocked-sim-dis,623,48917,,false,2022-05-24T15:29:15.844Z,,,
_019b535286fa490a,22,120,1,5,2499,2500,pbp08,blocked-sim-dis,598,59911,,false,2022-05-24T15:29:15.846Z,,,
_019b535286fa490a,22,120,3,5,2499,2500,pbp08,blocked-sim-dis,595,54623,,false,2022-05-24T15:29:15.848Z,,,
_019b535286fa490a,22,120,2,5,2499,2500,pbp08,blocked-sim-dis,621,56862,,false,2022-05-24T15:29:15.852Z,,,
_019b535286fa490a,23,120,3,5,2499,2500,pbp08,blocked-dis-sim,615,60112,,false,2022-05-24T15:30:18.757Z,,,
_019b535286fa490a,23,120,1,5,2499,2500,pbp08,blocked-dis-sim,635,66981,,false,2022-05-24T15:30:18.759Z,,,
_019b535286fa490a,23,120,4,5,2499,2500,pbp08,blocked-dis-sim,609,47881,,false,2022-05-24T15:30:18.760Z,,,
_019b535286fa490a,23,120,2,5,2499,2500,pbp08,blocked-dis-sim,610,55251,,false,2022-05-24T15:30:18.762Z,,,
_019b535286fa490a,23,120,5,5,2499,2500,pbp08,blocked-dis-sim,614,53125,,false,2022-05-24T15:30:18.765Z,,,
_019b535286fa490a,24,120,3,5,2499,2500,pbp08,blocked-dis-dis,626,54901,,false,2022-05-24T15:31:23.309Z,,,
_019b535286fa490a,24,120,1,5,2499,2500,pbp08,blocked-dis-dis,620,58100,,false,2022-05-24T15:31:23.310Z,,,
_019b535286fa490a,24,120,4,5,2499,2500,pbp08,blocked-dis-dis,619,54267,,false,2022-05-24T15:31:23.312Z,,,
_019b535286fa490a,24,120,5,5,2499,2500,pbp08,blocked-dis-dis,616,63456,,false,2022-05-24T15:31:23.316Z,,,
_019b535286fa490a,24,120,2,5,2499,2500,pbp08,blocked-dis-dis,626,49957,,false,2022-05-24T15:31:23.317Z,,,
_019b535286fa490a,25,120,2,5,56,2500,pbp11b,interleaved-sim-sim,96,63,"Only in the right scenes, exists: ( objects that are far (any object))",true,2022-05-24T15:31:25.814Z,,,
_019b535286fa490a,25,120,3,5,216,2500,pbp11b,interleaved-sim-sim,252,914,"Only in the left scenes, exists: ( objects that are close)",true,2022-05-24T15:31:25.815Z,,,
_019b535286fa490a,25,120,4,5,72,2500,pbp11b,interleaved-sim-sim,74,141,"Only in the left scenes, exists: ( objects that are close)",true,2022-05-24T15:31:25.817Z,,,
_019b535286fa490a,25,120,1,5,36,2500,pbp11b,interleaved-sim-sim,57,55,"Only in the left scenes, exists: ( objects that are close)",true,2022-05-24T15:31:25.818Z,,,
_019b535286fa490a,25,120,5,5,55,2500,pbp11b,interleaved-sim-sim,124,128,"Only in the right scenes, exists: ( objects that are far (single objects))",true,2022-05-24T15:31:25.819Z,,,
_019b535286fa490a,26,120,5,5,307,2500,pbp11b,interleaved-sim-dis,376,1401,"Only in the left scenes, all: ( objects that are close (any object))",true,2022-05-24T15:31:32.776Z,,,
_019b535286fa490a,26,120,1,5,44,2500,pbp11b,interleaved-sim-dis,91,55,"Only in the left scenes, all: ( objects that are close (any object))",true,2022-05-24T15:31:32.778Z,,,
_019b535286fa490a,26,120,3,5,189,2500,pbp11b,interleaved-sim-dis,225,418,"Only in the left scenes, all: ( objects that are close (any object))",true,2022-05-24T15:31:32.779Z,,,
_019b535286fa490a,26,120,4,5,671,2500,pbp11b,interleaved-sim-dis,688,6057,"Only in the right scenes, exists: ( objects that are far (top-most objects))",true,2022-05-24T15:31:32.782Z,,,
_019b535286fa490a,26,120,2,5,163,2500,pbp11b,interleaved-sim-dis,233,155,"Only in the left scenes, exists: ( objects that are close)",true,2022-05-24T15:31:32.784Z,,,
_019b535286fa490a,27,120,3,5,106,2500,pbp11b,interleaved-dis-sim,242,142,"Only in the left scenes, all: ( objects that are close (any object))",true,2022-05-24T15:31:35.510Z,,,
_019b535286fa490a,27,120,4,5,101,2500,pbp11b,interleaved-dis-sim,173,151,"Only in the left scenes, all: ( objects that are close (any object))",true,2022-05-24T15:31:35.511Z,,,
_019b535286fa490a,27,120,5,5,101,2500,pbp11b,interleaved-dis-sim,124,273,"Only in the left scenes, exists: ( objects that are close)",true,2022-05-24T15:31:35.512Z,,,
_019b535286fa490a,27,120,1,5,93,2500,pbp11b,interleaved-dis-sim,178,190,"Only in the left scenes, all: ( objects that are close (any object))",true,2022-05-24T15:31:35.513Z,,,
_019b535286fa490a,27,120,2,5,174,2500,pbp11b,interleaved-dis-sim,263,413,"Only in the right scenes, exists: ( objects that are far (any object))",true,2022-05-24T15:31:35.515Z,,,
_019b535286fa490a,28,120,1,5,81,2500,pbp11b,interleaved-dis-dis,134,99,"Only in the left scenes, exists: ( objects that are close)",true,2022-05-24T15:31:38.205Z,,,
_019b535286fa490a,28,120,3,5,65,2500,pbp11b,interleaved-dis-dis,119,133,"Only in the left scenes, all: ( objects that are close (any object))",true,2022-05-24T15:31:38.206Z,,,
_019b535286fa490a,28,120,2,5,53,2500,pbp11b,interleaved-dis-dis,97,57,"Only in the right scenes, exists: ( objects that are far (any object))",true,2022-05-24T15:31:38.207Z,,,
_019b535286fa490a,28,120,4,5,289,2500,pbp11b,interleaved-dis-dis,403,1259,"Only in the right scenes, exists: ( objects that are far (single objects))",true,2022-05-24T15:31:38.209Z,,,
_019b535286fa490a,28,120,5,5,42,2500,pbp11b,interleaved-dis-dis,91,62,"Only in the left scenes, all: ( objects that are close (any object))",true,2022-05-24T15:31:38.210Z,,,
_019b535286fa490a,29,120,4,5,197,2500,pbp11b,blocked-sim-sim,303,518,"Only in the left scenes, all: ( objects that are close (any object))",true,2022-05-24T15:31:42.673Z,,,
_019b535286fa490a,29,120,5,5,298,2500,pbp11b,blocked-sim-sim,395,1136,"Only in the right scenes, exists: ( objects that are far (any object))",true,2022-05-24T15:31:42.674Z,,,
_019b535286fa490a,29,120,1,5,84,2500,pbp11b,blocked-sim-sim,166,90,"Only in the left scenes, all: ( objects that are close (any object))",true,2022-05-24T15:31:42.676Z,,,
_019b535286fa490a,29,120,2,5,102,2500,pbp11b,blocked-sim-sim,150,123,"Only in the left scenes, exists: ( objects that are close)",true,2022-05-24T15:31:42.676Z,,,
_019b535286fa490a,29,120,3,5,258,2500,pbp11b,blocked-sim-sim,394,547,"Only in the left scenes, all: ( objects that are close (any object))",true,2022-05-24T15:31:42.678Z,,,
_019b535286fa490a,30,120,3,5,295,2500,pbp11b,blocked-sim-dis,468,801,"Only in the left scenes, exists: ( objects that are close)",true,2022-05-24T15:31:47.702Z,,,
_019b535286fa490a,30,120,4,5,184,2500,pbp11b,blocked-sim-dis,299,240,"Only in the left scenes, all: ( objects that are close (any object))",true,2022-05-24T15:31:47.703Z,,,
_019b535286fa490a,30,120,2,5,210,2500,pbp11b,blocked-sim-dis,275,560,"Only in the left scenes, exists: ( objects that are close)",true,2022-05-24T15:31:47.704Z,,,
_019b535286fa490a,30,120,1,5,106,2500,pbp11b,blocked-sim-dis,159,75,"Only in the left scenes, all: ( objects that are close (any object))",true,2022-05-24T15:31:47.706Z,,,
_019b535286fa490a,30,120,5,5,245,2500,pbp11b,blocked-sim-dis,365,613,"Only in the right scenes, exists: ( objects that are far (any object))",true,2022-05-24T15:31:47.709Z,,,
_019b535286fa490a,31,120,1,5,111,2500,pbp11b,blocked-dis-sim,176,162,"Only in the left scenes, exists: ( objects that are close)",true,2022-05-24T15:31:51.251Z,,,
_019b535286fa490a,31,120,2,5,116,2500,pbp11b,blocked-dis-sim,210,146,"Only in the right scenes, exists: ( objects that are far (any object))",true,2022-05-24T15:31:51.254Z,,,
_019b535286fa490a,31,120,3,5,268,2500,pbp11b,blocked-dis-sim,415,1072,"Only in the left scenes, all: ( objects that are close (any object))",true,2022-05-24T15:31:51.255Z,,,
_019b535286fa490a,31,120,4,5,143,2500,pbp11b,blocked-dis-sim,254,326,"Only in the left scenes, all: ( objects that are close (any object))",true,2022-05-24T15:31:51.257Z,,,
_019b535286fa490a,31,120,5,5,84,2500,pbp11b,blocked-dis-sim,154,125,"Only in the left scenes, all: ( objects that are close (any object))",true,2022-05-24T15:31:51.258Z,,,
_019b535286fa490a,32,120,1,5,444,2500,pbp11b,blocked-dis-dis,670,2019,"Only in the left scenes, all: ( objects that are close (any object))",true,2022-05-24T15:31:56.734Z,,,
_019b535286fa490a,32,120,3,5,242,2500,pbp11b,blocked-dis-dis,353,690,"Only in the left scenes, all: ( objects that are close (any object))",true,2022-05-24T15:31:56.735Z,,,
_019b535286fa490a,32,120,2,5,165,2500,pbp11b,blocked-dis-dis,288,276,"Only in the right scenes, exists: ( objects that are far (any object))",true,2022-05-24T15:31:56.736Z,,,
_019b535286fa490a,32,120,4,5,119,2500,pbp11b,blocked-dis-dis,303,386,"Only in the right scenes, exists: ( objects that are far (top-most objects))",true,2022-05-24T15:31:56.737Z,,,
_019b535286fa490a,32,120,5,5,117,2500,pbp11b,blocked-dis-dis,204,206,"Only in the right scenes, exists: ( objects that are far (single objects))",true,2022-05-24T15:31:56.741Z,,,
_019b535286fa490a,33,120,3,5,2499,2500,pbp12,interleaved-sim-sim,841,75898,,false,2022-05-24T15:33:12.246Z,,,
_019b535286fa490a,33,120,5,5,2499,2500,pbp12,interleaved-sim-sim,844,75651,,false,2022-05-24T15:33:12.248Z,,,
_019b535286fa490a,33,120,1,5,2499,2500,pbp12,interleaved-sim-sim,852,70607,,false,2022-05-24T15:33:12.249Z,,,
_019b535286fa490a,33,120,4,5,2499,2500,pbp12,interleaved-sim-sim,863,76037,,false,2022-05-24T15:33:12.250Z,,,
_019b535286fa490a,33,120,2,5,2499,2500,pbp12,interleaved-sim-sim,840,69026,,false,2022-05-24T15:33:12.252Z,,,
_019b535286fa490a,34,120,5,5,2499,2500,pbp12,interleaved-sim-dis,822,58280,,false,2022-05-24T15:34:27.191Z,,,
_019b535286fa490a,34,120,1,5,2499,2500,pbp12,interleaved-sim-dis,834,64043,,false,2022-05-24T15:34:27.193Z,,,
_019b535286fa490a,34,120,2,5,2499,2500,pbp12,interleaved-sim-dis,842,76110,,false,2022-05-24T15:34:27.194Z,,,
_019b535286fa490a,34,120,4,5,2499,2500,pbp12,interleaved-sim-dis,858,78571,,false,2022-05-24T15:34:27.197Z,,,
_019b535286fa490a,34,120,3,5,2499,2500,pbp12,interleaved-sim-dis,863,57473,,false,2022-05-24T15:34:27.199Z,,,
_019b535286fa490a,35,120,5,5,2499,2500,pbp12,interleaved-dis-sim,826,55817,,false,2022-05-24T15:35:42.128Z,,,
_019b535286fa490a,35,120,1,5,2499,2500,pbp12,interleaved-dis-sim,828,53524,,false,2022-05-24T15:35:42.135Z,,,
_019b535286fa490a,35,120,3,5,2499,2500,pbp12,interleaved-dis-sim,839,64149,,false,2022-05-24T15:35:42.137Z,,,
_019b535286fa490a,35,120,4,5,2499,2500,pbp12,interleaved-dis-sim,843,63625,,false,2022-05-24T15:35:42.138Z,,,
_019b535286fa490a,35,120,2,5,2499,2500,pbp12,interleaved-dis-sim,840,65556,,false,2022-05-24T15:35:42.140Z,,,
_019b535286fa490a,36,120,5,5,2499,2500,pbp12,interleaved-dis-dis,834,70620,,false,2022-05-24T15:36:56.468Z,,,
_019b535286fa490a,36,120,2,5,2499,2500,pbp12,interleaved-dis-dis,844,70635,,false,2022-05-24T15:36:56.469Z,,,
_019b535286fa490a,36,120,4,5,2499,2500,pbp12,interleaved-dis-dis,853,65556,,false,2022-05-24T15:36:56.471Z,,,
_019b535286fa490a,36,120,3,5,2499,2500,pbp12,interleaved-dis-dis,849,84477,,false,2022-05-24T15:36:56.472Z,,,
_019b535286fa490a,36,120,1,5,2499,2500,pbp12,interleaved-dis-dis,820,62046,,false,2022-05-24T15:36:56.474Z,,,
_019b535286fa490a,37,120,2,5,2499,2500,pbp12,blocked-sim-sim,861,66742,,false,2022-05-24T15:38:11.995Z,,,
_019b535286fa490a,37,120,4,5,2499,2500,pbp12,blocked-sim-sim,861,72625,,false,2022-05-24T15:38:11.996Z,,,
_019b535286fa490a,37,120,3,5,2499,2500,pbp12,blocked-sim-sim,867,75091,,false,2022-05-24T15:38:11.997Z,,,
_019b535286fa490a,37,120,1,5,2499,2500,pbp12,blocked-sim-sim,849,61670,,false,2022-05-24T15:38:11.999Z,,,
_019b535286fa490a,37,120,5,5,2499,2500,pbp12,blocked-sim-sim,858,77591,,false,2022-05-24T15:38:12.002Z,,,
_019b535286fa490a,38,120,5,5,2499,2500,pbp12,blocked-sim-dis,850,57419,,false,2022-05-24T15:39:28.514Z,,,
_019b535286fa490a,38,120,3,5,2499,2500,pbp12,blocked-sim-dis,822,54022,,false,2022-05-24T15:39:28.516Z,,,
_019b535286fa490a,38,120,1,5,2499,2500,pbp12,blocked-sim-dis,852,73435,,false,2022-05-24T15:39:28.517Z,,,
_019b535286fa490a,38,120,4,5,2499,2500,pbp12,blocked-sim-dis,863,75716,,false,2022-05-24T15:39:28.518Z,,,
_019b535286fa490a,38,120,2,5,2499,2500,pbp12,blocked-sim-dis,851,74643,,false,2022-05-24T15:39:28.522Z,,,
_019b535286fa490a,39,120,4,5,2499,2500,pbp12,blocked-dis-sim,833,58452,,false,2022-05-24T15:40:45.653Z,,,
_019b535286fa490a,39,120,3,5,2499,2500,pbp12,blocked-dis-sim,850,78352,,false,2022-05-24T15:40:45.655Z,,,
_019b535286fa490a,39,120,2,5,2499,2500,pbp12,blocked-dis-sim,833,59097,,false,2022-05-24T15:40:45.656Z,,,
_019b535286fa490a,39,120,1,5,2499,2500,pbp12,blocked-dis-sim,859,74945,,false,2022-05-24T15:40:45.657Z,,,
_019b535286fa490a,39,120,5,5,2499,2500,pbp12,blocked-dis-sim,863,72221,,false,2022-05-24T15:40:45.659Z,,,
_019b535286fa490a,40,120,4,5,2499,2500,pbp12,blocked-dis-dis,871,72442,,false,2022-05-24T15:42:04.516Z,,,
_019b535286fa490a,40,120,1,5,2499,2500,pbp12,blocked-dis-dis,841,64675,,false,2022-05-24T15:42:04.521Z,,,
_019b535286fa490a,40,120,2,5,2499,2500,pbp12,blocked-dis-dis,860,82546,,false,2022-05-24T15:42:04.522Z,,,
_019b535286fa490a,40,120,5,5,2499,2500,pbp12,blocked-dis-dis,866,77778,,false,2022-05-24T15:42:04.524Z,,,
_019b535286fa490a,40,120,3,5,2499,2500,pbp12,blocked-dis-dis,863,58797,,false,2022-05-24T15:42:04.526Z,,,
_019b535286fa490a,41,120,3,5,1032,2500,pbp13,interleaved-sim-sim,1298,11556,"Only in the left scenes, exists: (on-ground objects that are 1)",true,2022-05-24T15:42:30.777Z,,,
_019b535286fa490a,41,120,2,5,1282,2500,pbp13,interleaved-sim-sim,1502,25699,"Only in the right scenes, all: ( objects that are close (on-ground objects))",true,2022-05-24T15:42:30.780Z,,,
_019b535286fa490a,41,120,5,5,246,2500,pbp13,interleaved-sim-sim,532,1063,"Only in the right scenes, exists: (on-ground objects that are close)",true,2022-05-24T15:42:30.781Z,,,
_019b535286fa490a,41,120,1,5,1389,2500,pbp13,interleaved-sim-sim,1562,20837,"Only in the right scenes, all: ( objects that are close (on-ground objects))",true,2022-05-24T15:42:30.785Z,,,
_019b535286fa490a,41,120,4,5,123,2500,pbp13,interleaved-sim-sim,316,541,"Only in the right scenes, all: ( objects that are close (on-ground objects))",true,2022-05-24T15:42:30.790Z,,,
_019b535286fa490a,42,120,3,5,636,2500,pbp13,interleaved-sim-dis,1070,4980,"Only in the right scenes, all: ( objects that are close (on-ground objects))",true,2022-05-24T15:42:56.163Z,,,
_019b535286fa490a,42,120,4,5,1003,2500,pbp13,interleaved-sim-dis,1269,15322,"Only in the right scenes, all: ( objects that are close (on-ground objects))",true,2022-05-24T15:42:56.165Z,,,
_019b535286fa490a,42,120,2,5,189,2500,pbp13,interleaved-sim-dis,415,1079,"Only in the right scenes, all: ( objects that are close (on-ground objects))",true,2022-05-24T15:42:56.167Z,,,
_019b535286fa490a,42,120,5,5,883,2500,pbp13,interleaved-sim-dis,1332,6960,"Only in the right scenes, all: ( objects that are close (on-ground objects))",true,2022-05-24T15:42:56.169Z,,,
_019b535286fa490a,42,120,1,5,1806,2500,pbp13,interleaved-sim-dis,1831,39364,"Only in the left scenes, exists: (on-ground objects that are 1)",true,2022-05-24T15:42:56.173Z,,,
_019b535286fa490a,43,120,5,5,466,2500,pbp13,interleaved-dis-sim,880,3093,"Only in the right scenes, all: ( objects that are close (on-ground objects))",true,2022-05-24T15:43:17.306Z,,,
_019b535286fa490a,43,120,4,5,558,2500,pbp13,interleaved-dis-sim,903,4146,"Only in the right scenes, all: ( objects that are close (on-ground objects))",true,2022-05-24T15:43:17.308Z,,,
_019b535286fa490a,43,120,2,5,1319,2500,pbp13,interleaved-dis-sim,1655,21212,"Only in the right scenes, all: ( objects that are close (on-ground objects))",true,2022-05-24T15:43:17.310Z,,,
_019b535286fa490a,43,120,3,5,155,2500,pbp13,interleaved-dis-sim,384,779,"Only in the right scenes, all: ( objects that are close (on-ground objects))",true,2022-05-24T15:43:17.311Z,,,
_019b535286fa490a,43,120,1,5,1288,2500,pbp13,interleaved-dis-sim,1592,17983,"Only in the right scenes, all: ( objects that are close (on-ground objects))",true,2022-05-24T15:43:17.312Z,,,
_019b535286fa490a,44,120,3,5,980,2500,pbp13,interleaved-dis-dis,1366,14163,"Only in the right scenes, all: ( objects that are close (on-ground objects))",true,2022-05-24T15:43:39.632Z,,,
_019b535286fa490a,44,120,4,5,274,2500,pbp13,interleaved-dis-dis,581,1184,"Only in the right scenes, all: ( objects that are close (on-ground objects))",true,2022-05-24T15:43:39.635Z,,,
_019b535286fa490a,44,120,1,5,1941,2500,pbp13,interleaved-dis-dis,1787,60738,"Only in the left scenes, exists: (on-ground objects that are 1)",true,2022-05-24T15:43:39.637Z,,,
_019b535286fa490a,44,120,2,5,154,2500,pbp13,interleaved-dis-dis,486,577,"Only in the right scenes, all: ( objects that are close (on-ground objects))",true,2022-05-24T15:43:39.649Z,,,
_019b535286fa490a,44,120,5,5,487,2500,pbp13,interleaved-dis-dis,816,3412,"Only in the right scenes, all: ( objects that are close (on-ground objects))",true,2022-05-24T15:43:39.653Z,,,
_019b535286fa490a,45,120,5,5,623,2500,pbp13,blocked-sim-sim,996,6288,"Only in the right scenes, all: ( objects that are close (on-ground objects))",true,2022-05-24T15:43:58.487Z,,,
_019b535286fa490a,45,120,2,5,852,2500,pbp13,blocked-sim-sim,1364,9880,"Only in the right scenes, all: ( objects that are close (on-ground objects))",true,2022-05-24T15:43:58.490Z,,,
_019b535286fa490a,45,120,4,5,1047,2500,pbp13,blocked-sim-sim,1397,13578,"Only in the right scenes, all: ( objects that are close (on-ground objects))",true,2022-05-24T15:43:58.493Z,,,
_019b535286fa490a,45,120,1,5,271,2500,pbp13,blocked-sim-sim,906,1899,"Only in the right scenes, all: ( objects that are close (on-ground objects))",true,2022-05-24T15:43:58.498Z,,,
_019b535286fa490a,45,120,3,5,728,2500,pbp13,blocked-sim-sim,1166,9387,"Only in the right scenes, all: ( objects that are close (on-ground objects))",true,2022-05-24T15:43:58.504Z,,,
_019b535286fa490a,46,120,1,5,625,2500,pbp13,blocked-sim-dis,1091,6675,"Only in the right scenes, all: ( objects that are close (on-ground objects))",true,2022-05-24T15:44:15.286Z,,,
_019b535286fa490a,46,120,2,5,1020,2500,pbp13,blocked-sim-dis,1400,12101,"Only in the right scenes, all: ( objects that are close (on-ground objects))",true,2022-05-24T15:44:15.287Z,,,
_019b535286fa490a,46,120,4,5,352,2500,pbp13,blocked-sim-dis,762,2074,"Only in the right scenes, all: ( objects that are close (on-ground objects))",true,2022-05-24T15:44:15.289Z,,,
_019b535286fa490a,46,120,5,5,673,2500,pbp13,blocked-sim-dis,1428,6585,"Only in the right scenes, all: ( objects that are close (on-ground objects))",true,2022-05-24T15:44:15.291Z,,,
_019b535286fa490a,46,120,3,5,424,2500,pbp13,blocked-sim-dis,849,3200,"Only in the right scenes, all: ( objects that are close (on-ground objects))",true,2022-05-24T15:44:15.292Z,,,
_019b535286fa490a,47,120,1,5,128,2500,pbp13,blocked-dis-sim,367,360,"Only in the right scenes, exists: (on-ground objects that are close)",true,2022-05-24T15:44:22.619Z,,,
_019b535286fa490a,47,120,2,5,168,2500,pbp13,blocked-dis-sim,552,930,"Only in the right scenes, all: ( objects that are close (on-ground objects))",true,2022-05-24T15:44:22.620Z,,,
_019b535286fa490a,47,120,5,5,101,2500,pbp13,blocked-dis-sim,309,513,"Only in the right scenes, all: ( objects that are close (on-ground objects))",true,2022-05-24T15:44:22.622Z,,,
_019b535286fa490a,47,120,3,5,531,2500,pbp13,blocked-dis-sim,1093,4475,"Only in the right scenes, all: ( objects that are close (on-ground objects))",true,2022-05-24T15:44:22.623Z,,,
_019b535286fa490a,47,120,4,5,515,2500,pbp13,blocked-dis-sim,989,4399,"Only in the right scenes, all: ( objects that are close (on-ground objects))",true,2022-05-24T15:44:22.626Z,,,
_019b535286fa490a,48,120,5,5,1067,2500,pbp13,blocked-dis-dis,1426,10888,"Only in the right scenes, all: ( objects that are close (on-ground objects))",true,2022-05-24T15:44:42.704Z,,,
_019b535286fa490a,48,120,4,5,441,2500,pbp13,blocked-dis-dis,974,3279,"Only in the right scenes, all: ( objects that are close (on-ground objects))",true,2022-05-24T15:44:42.706Z,,,
_019b535286fa490a,48,120,2,5,877,2500,pbp13,blocked-dis-dis,1217,9303,"Only in the right scenes, all: ( objects that are close (on-ground objects))",true,2022-05-24T15:44:42.707Z,,,
_019b535286fa490a,48,120,1,5,860,2500,pbp13,blocked-dis-dis,1310,9939,"Only in the right scenes, all: ( objects that are close (on-ground objects))",true,2022-05-24T15:44:42.708Z,,,
_019b535286fa490a,48,120,3,5,365,2500,pbp13,blocked-dis-dis,931,2345,"Only in the right scenes, all: ( objects that are close (on-ground objects))",true,2022-05-24T15:44:42.709Z,,,
_019b535286fa490a,49,120,4,5,262,2500,pbp16,interleaved-sim-sim,308,788,"Only in the right scenes, exists: ( objects that are right-of (square objects))",true,2022-05-24T15:44:50.677Z,,,
_019b535286fa490a,49,120,1,5,85,2500,pbp16,interleaved-sim-sim,121,229,"Only in the left scenes, exists: ( objects that are left-of (square objects))",true,2022-05-24T15:44:50.678Z,,,
_019b535286fa490a,49,120,3,5,436,2500,pbp16,interleaved-sim-sim,359,2687,"Only in the left scenes, exists: ( objects that are right-of (circle objects))",true,2022-05-24T15:44:50.679Z,,,
_019b535286fa490a,49,120,2,5,372,2500,pbp16,interleaved-sim-sim,357,1666,"Only in the left scenes, exists: ( objects that are right-of (circle objects))",true,2022-05-24T15:44:50.681Z,,,
_019b535286fa490a,49,120,5,5,332,2500,pbp16,interleaved-sim-sim,357,1141,"Only in the left scenes, exists: ( objects that are left-of (square objects))",true,2022-05-24T15:44:50.684Z,,,
_019b535286fa490a,50,120,4,5,365,2500,pbp16,interleaved-sim-dis,333,983,"Only in the right scenes, exists: ( objects that are right-of (square objects))",true,2022-05-24T15:44:59.068Z,,,
_019b535286fa490a,50,120,5,5,467,2500,pbp16,interleaved-sim-dis,404,2689,"Only in the left scenes, exists: ( objects that are left-of (square objects))",true,2022-05-24T15:44:59.069Z,,,
_019b535286fa490a,50,120,1,5,290,2500,pbp16,interleaved-sim-dis,311,565,"Only in the right scenes, exists: (circle objects that are right-of (small objects))",true,2022-05-24T15:44:59.073Z,,,
_019b535286fa490a,50,120,3,5,159,2500,pbp16,interleaved-sim-dis,206,594,"Only in the left scenes, exists: ( objects that are right-of (circle objects))",true,2022-05-24T15:44:59.076Z,,,
_019b535286fa490a,50,120,2,5,436,2500,pbp16,interleaved-sim-dis,408,2488,"Only in the left scenes, exists: ( objects that are left-of (square objects))",true,2022-05-24T15:44:59.080Z,,,
_019b535286fa490a,51,120,2,5,138,2500,pbp16,interleaved-dis-sim,148,207,"Only in the right scenes, exists: ( objects that are right-of (square and small objects))",true,2022-05-24T15:45:03.804Z,,,
_019b535286fa490a,51,120,3,5,244,2500,pbp16,interleaved-dis-sim,252,1055,"Only in the left scenes, exists: (small objects that are right-of (small objects) and beside (circle objects))",true,2022-05-24T15:45:03.805Z,,,
_019b535286fa490a,51,120,4,5,142,2500,pbp16,interleaved-dis-sim,189,282,"Only in the left scenes, exists: ( objects that are right-of (circle objects))",true,2022-05-24T15:45:03.807Z,,,
_019b535286fa490a,51,120,5,5,165,2500,pbp16,interleaved-dis-sim,202,373,"Only in the left scenes, exists: ( objects that are left-of (square objects))",true,2022-05-24T15:45:03.808Z,,,
_019b535286fa490a,51,120,1,5,329,2500,pbp16,interleaved-dis-sim,337,1351,"Only in the left scenes, exists: ( objects that are right-of (circle objects))",true,2022-05-24T15:45:03.812Z,,,
_019b535286fa490a,52,120,2,5,177,2500,pbp16,interleaved-dis-dis,229,481,"Only in the left scenes, exists: ( objects that are left-of (square objects))",true,2022-05-24T15:45:10.741Z,,,
_019b535286fa490a,52,120,5,5,310,2500,pbp16,interleaved-dis-dis,307,1542,"Only in the right scenes, exists: ( objects that are right-of (square objects))",true,2022-05-24T15:45:10.745Z,,,
_019b535286fa490a,52,120,3,5,609,2500,pbp16,interleaved-dis-dis,524,7047,"Only in the left scenes, exists: ( objects that are left-of (square objects))",true,2022-05-24T15:45:10.747Z,,,
_019b535286fa490a,52,120,4,5,258,2500,pbp16,interleaved-dis-dis,273,932,"Only in the left scenes, exists: ( objects that are left-of (square objects))",true,2022-05-24T15:45:10.750Z,,,
_019b535286fa490a,52,120,1,5,85,2500,pbp16,interleaved-dis-dis,107,124,"Only in the left scenes, exists: ( objects that are left-of (square objects))",true,2022-05-24T15:45:10.753Z,,,
_019b535286fa490a,53,120,5,5,315,2500,pbp16,blocked-sim-sim,373,1271,"Only in the right scenes, exists: ( objects that are right-of (square objects))",true,2022-05-24T15:45:18.273Z,,,
_019b535286fa490a,53,120,2,5,350,2500,pbp16,blocked-sim-sim,469,1738,"Only in the left scenes, exists: ( objects that are right-of (circle objects))",true,2022-05-24T15:45:18.274Z,,,
_019b535286fa490a,53,120,1,5,374,2500,pbp16,blocked-sim-sim,437,797,"Only in the left scenes, exists: ( objects that are left-of (square objects))",true,2022-05-24T15:45:18.276Z,,,
_019b535286fa490a,53,120,3,5,299,2500,pbp16,blocked-sim-sim,349,1261,"Only in the right scenes, exists: ( objects that are right-of (square objects))",true,2022-05-24T15:45:18.277Z,,,
_019b535286fa490a,53,120,4,5,222,2500,pbp16,blocked-sim-sim,313,668,"Only in the left scenes, exists: ( objects that are right-of (circle objects))",true,2022-05-24T15:45:18.281Z,,,
_019b535286fa490a,54,120,4,5,335,2500,pbp16,blocked-sim-dis,418,1512,"Only in the right scenes, exists: ( objects that are right-of (square objects))",true,2022-05-24T15:45:28.232Z,,,
_019b535286fa490a,54,120,3,5,377,2500,pbp16,blocked-sim-dis,418,2247,"Only in the left scenes, exists: (square objects that are right-of (small objects))",true,2022-05-24T15:45:28.233Z,,,
_019b535286fa490a,54,120,2,5,296,2500,pbp16,blocked-sim-dis,374,949,"Only in the left scenes, exists: ( objects that are left-of (square objects))",true,2022-05-24T15:45:28.234Z,,,
_019b535286fa490a,54,120,1,5,825,2500,pbp16,blocked-sim-dis,666,12465,"Only in the left scenes, exists: ( objects that are left-of (square objects))",true,2022-05-24T15:45:28.236Z,,,
_019b535286fa490a,54,120,5,5,117,2500,pbp16,blocked-sim-dis,196,174,"Only in the right scenes, exists: ( objects that are right-of (square objects))",true,2022-05-24T15:45:28.239Z,,,
_019b535286fa490a,55,120,2,5,172,2500,pbp16,blocked-dis-sim,230,587,"Only in the left scenes, exists: ( objects that are left-of (square objects))",true,2022-05-24T15:45:34.060Z,,,
_019b535286fa490a,55,120,4,5,186,2500,pbp16,blocked-dis-sim,238,547,"Only in the right scenes, exists: ( objects that are right-of (square objects))",true,2022-05-24T15:45:34.062Z,,,
_019b535286fa490a,55,120,3,5,136,2500,pbp16,blocked-dis-sim,211,231,"Only in the left scenes, exists: ( objects that are left-of (square objects))",true,2022-05-24T15:45:34.064Z,,,
_019b535286fa490a,55,120,1,5,517,2500,pbp16,blocked-dis-sim,494,3169,"Only in the left scenes, exists: ( objects that are left-of (square objects))",true,2022-05-24T15:45:34.068Z,,,
_019b535286fa490a,55,120,5,5,187,2500,pbp16,blocked-dis-sim,258,497,"Only in the right scenes, exists: ( objects that are right-of (square objects))",true,2022-05-24T15:45:34.072Z,,,
_019b535286fa490a,56,120,4,5,309,2500,pbp16,blocked-dis-dis,338,1105,"Only in the left scenes, exists: (square objects that are right-of (any object))",true,2022-05-24T15:45:40.074Z,,,
_019b535286fa490a,56,120,5,5,427,2500,pbp16,blocked-dis-dis,481,1871,"Only in the right scenes, exists: ( objects that are right-of (square objects))",true,2022-05-24T15:45:40.076Z,,,
_019b535286fa490a,56,120,1,5,119,2500,pbp16,blocked-dis-dis,204,175,"Only in the left scenes, exists: ( objects that are left-of (square objects))",true,2022-05-24T15:45:40.077Z,,,
_019b535286fa490a,56,120,2,5,86,2500,pbp16,blocked-dis-dis,131,104,"Only in the right scenes, exists: ( objects that are right-of (square objects))",true,2022-05-24T15:45:40.082Z,,,
_019b535286fa490a,56,120,3,5,266,2500,pbp16,blocked-dis-dis,355,896,"Only in the right scenes, exists: ( objects that are right-of (square objects))",true,2022-05-24T15:45:40.085Z,,,
_019b535286fa490a,57,120,2,5,2499,2500,pbp18,interleaved-sim-sim,928,54165,,false,2022-05-24T15:46:48.053Z,,,
_019b535286fa490a,57,120,5,5,2499,2500,pbp18,interleaved-sim-sim,945,55460,,false,2022-05-24T15:46:48.054Z,,,
_019b535286fa490a,57,120,1,5,2499,2500,pbp18,interleaved-sim-sim,960,64362,,false,2022-05-24T15:46:48.055Z,,,
_019b535286fa490a,57,120,4,5,2499,2500,pbp18,interleaved-sim-sim,953,57624,,false,2022-05-24T15:46:48.059Z,,,
_019b535286fa490a,57,120,3,5,2499,2500,pbp18,interleaved-sim-sim,941,44786,,false,2022-05-24T15:46:48.063Z,,,
_019b535286fa490a,58,120,5,5,2499,2500,pbp18,interleaved-sim-dis,1003,62974,,false,2022-05-24T15:47:55.853Z,,,
_019b535286fa490a,58,120,2,5,2499,2500,pbp18,interleaved-sim-dis,961,64171,,false,2022-05-24T15:47:55.855Z,,,
_019b535286fa490a,58,120,3,5,2499,2500,pbp18,interleaved-sim-dis,982,56620,,false,2022-05-24T15:47:55.857Z,,,
_019b535286fa490a,58,120,4,5,2499,2500,pbp18,interleaved-sim-dis,971,59065,,false,2022-05-24T15:47:55.858Z,,,
_019b535286fa490a,58,120,1,5,2499,2500,pbp18,interleaved-sim-dis,942,51597,,false,2022-05-24T15:47:55.860Z,,,
_019b535286fa490a,59,120,3,5,2499,2500,pbp18,interleaved-dis-sim,1002,70217,,false,2022-05-24T15:49:03.886Z,,,
_019b535286fa490a,59,120,1,5,2499,2500,pbp18,interleaved-dis-sim,968,58250,,false,2022-05-24T15:49:03.888Z,,,
_019b535286fa490a,59,120,2,5,2499,2500,pbp18,interleaved-dis-sim,999,46845,,false,2022-05-24T15:49:03.889Z,,,
_019b535286fa490a,59,120,4,5,2499,2500,pbp18,interleaved-dis-sim,991,60010,,false,2022-05-24T15:49:03.892Z,,,
_019b535286fa490a,59,120,5,5,2499,2500,pbp18,interleaved-dis-sim,972,44841,,false,2022-05-24T15:49:03.893Z,,,
_019b535286fa490a,60,120,2,5,2499,2500,pbp18,interleaved-dis-dis,957,40785,,false,2022-05-24T15:50:12.705Z,,,
_019b535286fa490a,60,120,3,5,2499,2500,pbp18,interleaved-dis-dis,961,60416,,false,2022-05-24T15:50:12.706Z,,,
_019b535286fa490a,60,120,4,5,2499,2500,pbp18,interleaved-dis-dis,976,53689,,false,2022-05-24T15:50:12.708Z,,,
_019b535286fa490a,60,120,1,5,2499,2500,pbp18,interleaved-dis-dis,992,52967,,false,2022-05-24T15:50:12.710Z,,,
_019b535286fa490a,60,120,5,5,2499,2500,pbp18,interleaved-dis-dis,1004,58253,,false,2022-05-24T15:50:12.712Z,,,
_019b535286fa490a,61,120,2,5,2499,2500,pbp18,blocked-sim-sim,998,53893,,false,2022-05-24T15:51:20.512Z,,,
_019b535286fa490a,61,120,4,5,2499,2500,pbp18,blocked-sim-sim,1018,65377,,false,2022-05-24T15:51:20.514Z,,,
_019b535286fa490a,61,120,5,5,2499,2500,pbp18,blocked-sim-sim,973,54244,,false,2022-05-24T15:51:20.517Z,,,
_019b535286fa490a,61,120,3,5,2499,2500,pbp18,blocked-sim-sim,976,47512,,false,2022-05-24T15:51:20.523Z,,,
_019b535286fa490a,61,120,1,5,2499,2500,pbp18,blocked-sim-sim,971,40637,,false,2022-05-24T15:51:20.525Z,,,
_019b535286fa490a,62,120,1,5,2499,2500,pbp18,blocked-sim-dis,1004,54166,,false,2022-05-24T15:52:31.825Z,,,
_019b535286fa490a,62,120,3,5,2499,2500,pbp18,blocked-sim-dis,997,58290,,false,2022-05-24T15:52:31.826Z,,,
_019b535286fa490a,62,120,4,5,2499,2500,pbp18,blocked-sim-dis,1012,64633,,false,2022-05-24T15:52:31.828Z,,,
_019b535286fa490a,62,120,2,5,2499,2500,pbp18,blocked-sim-dis,1017,61736,,false,2022-05-24T15:52:31.829Z,,,
_019b535286fa490a,62,120,5,5,2499,2500,pbp18,blocked-sim-dis,1007,60780,,false,2022-05-24T15:52:31.830Z,,,
_019b535286fa490a,63,120,3,5,2499,2500,pbp18,blocked-dis-sim,992,57417,,false,2022-05-24T15:53:40.066Z,,,
_019b535286fa490a,63,120,5,5,2499,2500,pbp18,blocked-dis-sim,1009,60363,,false,2022-05-24T15:53:40.070Z,,,
_019b535286fa490a,63,120,1,5,2499,2500,pbp18,blocked-dis-sim,974,58278,,false,2022-05-24T15:53:40.072Z,,,
_019b535286fa490a,63,120,4,5,2499,2500,pbp18,blocked-dis-sim,985,46827,,false,2022-05-24T15:53:40.074Z,,,
_019b535286fa490a,63,120,2,5,2499,2500,pbp18,blocked-dis-sim,996,48671,,false,2022-05-24T15:53:40.079Z,,,
_019b535286fa490a,64,120,2,5,2499,2500,pbp18,blocked-dis-dis,972,53185,,false,2022-05-24T15:54:48.099Z,,,
_019b535286fa490a,64,120,4,5,2499,2500,pbp18,blocked-dis-dis,1001,64525,,false,2022-05-24T15:54:48.101Z,,,
_019b535286fa490a,64,120,3,5,2499,2500,pbp18,blocked-dis-dis,996,65227,,false,2022-05-24T15:54:48.102Z,,,
_019b535286fa490a,64,120,1,5,2499,2500,pbp18,blocked-dis-dis,1002,66848,,false,2022-05-24T15:54:48.104Z,,,
_019b535286fa490a,64,120,5,5,2499,2500,pbp18,blocked-dis-dis,1019,72170,,false,2022-05-24T15:54:48.105Z,,,
_019b535286fa490a,65,120,5,5,2499,2500,pbp20,interleaved-sim-sim,1375,57242,,false,2022-05-24T15:56:02.013Z,,,
_019b535286fa490a,65,120,2,5,2499,2500,pbp20,interleaved-sim-sim,1367,62936,,false,2022-05-24T15:56:02.017Z,,,
_019b535286fa490a,65,120,4,5,2499,2500,pbp20,interleaved-sim-sim,1309,77869,,false,2022-05-24T15:56:02.019Z,,,
_019b535286fa490a,65,120,1,5,2499,2500,pbp20,interleaved-sim-sim,1331,58546,,false,2022-05-24T15:56:02.021Z,,,
_019b535286fa490a,65,120,3,5,2499,2500,pbp20,interleaved-sim-sim,1367,58372,,false,2022-05-24T15:56:02.023Z,,,
_019b535286fa490a,66,120,1,5,2499,2500,pbp20,interleaved-sim-dis,1288,41674,,false,2022-05-24T15:57:16.265Z,,,
_019b535286fa490a,66,120,2,5,2499,2500,pbp20,interleaved-sim-dis,1303,62706,,false,2022-05-24T15:57:16.268Z,,,
_019b535286fa490a,66,120,5,5,2499,2500,pbp20,interleaved-sim-dis,1288,68286,,false,2022-05-24T15:57:16.270Z,,,
_019b535286fa490a,66,120,3,5,2499,2500,pbp20,interleaved-sim-dis,1332,51411,,false,2022-05-24T15:57:16.272Z,,,
_019b535286fa490a,66,120,4,5,2499,2500,pbp20,interleaved-sim-dis,1278,43992,,false,2022-05-24T15:57:16.274Z,,,
_019b535286fa490a,67,120,4,5,2499,2500,pbp20,interleaved-dis-sim,1322,59121,,false,2022-05-24T15:58:29.539Z,,,
_019b535286fa490a,67,120,1,5,2499,2500,pbp20,interleaved-dis-sim,1308,53184,,false,2022-05-24T15:58:29.541Z,,,
_019b535286fa490a,67,120,2,5,2499,2500,pbp20,interleaved-dis-sim,1314,52437,,false,2022-05-24T15:58:29.542Z,,,
_019b535286fa490a,67,120,5,5,2499,2500,pbp20,interleaved-dis-sim,1300,58903,,false,2022-05-24T15:58:29.545Z,,,
_019b535286fa490a,67,120,3,5,2499,2500,pbp20,interleaved-dis-sim,1339,60406,,false,2022-05-24T15:58:29.546Z,,,
_019b535286fa490a,68,120,3,5,2499,2500,pbp20,interleaved-dis-dis,1291,62645,,false,2022-05-24T15:59:43.426Z,,,
_019b535286fa490a,68,120,2,5,2499,2500,pbp20,interleaved-dis-dis,1288,50007,,false,2022-05-24T15:59:43.428Z,,,
_019b535286fa490a,68,120,5,5,2499,2500,pbp20,interleaved-dis-dis,1378,65267,,false,2022-05-24T15:59:43.430Z,,,
_019b535286fa490a,68,120,4,5,2499,2500,pbp20,interleaved-dis-dis,1381,61515,,false,2022-05-24T15:59:43.432Z,,,
_019b535286fa490a,68,120,1,5,2499,2500,pbp20,interleaved-dis-dis,1374,61559,,false,2022-05-24T15:59:43.433Z,,,
_019b535286fa490a,69,120,2,5,2499,2500,pbp20,blocked-sim-sim,1383,74025,,false,2022-05-24T16:00:57.162Z,,,
_019b535286fa490a,69,120,1,5,2499,2500,pbp20,blocked-sim-sim,1365,65596,,false,2022-05-24T16:00:57.165Z,,,
_019b535286fa490a,69,120,4,5,2499,2500,pbp20,blocked-sim-sim,1347,74051,,false,2022-05-24T16:00:57.168Z,,,
_019b535286fa490a,69,120,5,5,2499,2500,pbp20,blocked-sim-sim,1386,67584,,false,2022-05-24T16:00:57.170Z,,,
_019b535286fa490a,69,120,3,5,2499,2500,pbp20,blocked-sim-sim,1389,62354,,false,2022-05-24T16:00:57.176Z,,,
_019b535286fa490a,70,120,2,5,2499,2500,pbp20,blocked-sim-dis,1336,65046,,false,2022-05-24T16:02:14.422Z,,,
_019b535286fa490a,70,120,1,5,2499,2500,pbp20,blocked-sim-dis,1381,79913,,false,2022-05-24T16:02:14.424Z,,,
_019b535286fa490a,70,120,3,5,2499,2500,pbp20,blocked-sim-dis,1351,75381,,false,2022-05-24T16:02:14.425Z,,,
_019b535286fa490a,70,120,4,5,2499,2500,pbp20,blocked-sim-dis,1335,63323,,false,2022-05-24T16:02:14.428Z,,,
_019b535286fa490a,70,120,5,5,2499,2500,pbp20,blocked-sim-dis,1321,47591,,false,2022-05-24T16:02:14.430Z,,,
_019b535286fa490a,71,120,2,5,2499,2500,pbp20,blocked-dis-sim,1363,66688,,false,2022-05-24T16:03:32.165Z,,,
_019b535286fa490a,71,120,1,5,2499,2500,pbp20,blocked-dis-sim,1352,60180,,false,2022-05-24T16:03:32.168Z,,,
_019b535286fa490a,71,120,3,5,2499,2500,pbp20,blocked-dis-sim,1388,73048,,false,2022-05-24T16:03:32.169Z,,,
_019b535286fa490a,71,120,5,5,2499,2500,pbp20,blocked-dis-sim,1331,53954,,false,2022-05-24T16:03:32.172Z,,,
_019b535286fa490a,71,120,4,5,2499,2500,pbp20,blocked-dis-sim,1303,68542,,false,2022-05-24T16:03:32.174Z,,,
_019b535286fa490a,72,120,1,5,2499,2500,pbp20,blocked-dis-dis,1368,69486,,false,2022-05-24T16:04:48.467Z,,,
_019b535286fa490a,72,120,5,5,2499,2500,pbp20,blocked-dis-dis,1344,57450,,false,2022-05-24T16:04:48.468Z,,,
_019b535286fa490a,72,120,2,5,2499,2500,pbp20,blocked-dis-dis,1351,71606,,false,2022-05-24T16:04:48.469Z,,,
_019b535286fa490a,72,120,4,5,2499,2500,pbp20,blocked-dis-dis,1382,66414,,false,2022-05-24T16:04:48.470Z,,,
_019b535286fa490a,72,120,3,5,2499,2500,pbp20,blocked-dis-dis,1392,67721,,false,2022-05-24T16:04:48.472Z,,,
_019b535286fa490a,73,120,2,5,2499,2500,pbp22,interleaved-sim-sim,808,62210,,false,2022-05-24T16:05:56.963Z,,,
_019b535286fa490a,73,120,3,5,2499,2500,pbp22,interleaved-sim-sim,829,72266,,false,2022-05-24T16:05:56.964Z,,,
_019b535286fa490a,73,120,5,5,2499,2500,pbp22,interleaved-sim-sim,835,68108,,false,2022-05-24T16:05:56.965Z,,,
_019b535286fa490a,73,120,4,5,2499,2500,pbp22,interleaved-sim-sim,803,71342,,false,2022-05-24T16:05:56.967Z,,,
_019b535286fa490a,73,120,1,5,2499,2500,pbp22,interleaved-sim-sim,792,63532,,false,2022-05-24T16:05:56.968Z,,,
_019b535286fa490a,74,120,3,5,2499,2500,pbp22,interleaved-sim-dis,822,61437,,false,2022-05-24T16:07:08.875Z,,,
_019b535286fa490a,74,120,4,5,2499,2500,pbp22,interleaved-sim-dis,840,81675,,false,2022-05-24T16:07:08.876Z,,,
_019b535286fa490a,74,120,2,5,2499,2500,pbp22,interleaved-sim-dis,830,65439,,false,2022-05-24T16:07:08.878Z,,,
_019b535286fa490a,74,120,5,5,2499,2500,pbp22,interleaved-sim-dis,822,56992,,false,2022-05-24T16:07:08.879Z,,,
_019b535286fa490a,74,120,1,5,2499,2500,pbp22,interleaved-sim-dis,791,69883,,false,2022-05-24T16:07:08.880Z,,,
_019b535286fa490a,75,120,1,5,2499,2500,pbp22,interleaved-dis-sim,823,61719,,false,2022-05-24T16:08:21.293Z,,,
_019b535286fa490a,75,120,2,5,2499,2500,pbp22,interleaved-dis-sim,816,62377,,false,2022-05-24T16:08:21.294Z,,,
_019b535286fa490a,75,120,4,5,2499,2500,pbp22,interleaved-dis-sim,821,61697,,false,2022-05-24T16:08:21.295Z,,,
_019b535286fa490a,75,120,3,5,2499,2500,pbp22,interleaved-dis-sim,813,64441,,false,2022-05-24T16:08:21.299Z,,,
_019b535286fa490a,75,120,5,5,2499,2500,pbp22,interleaved-dis-sim,839,57477,,false,2022-05-24T16:08:21.300Z,,,
_019b535286fa490a,76,120,3,5,2499,2500,pbp22,interleaved-dis-dis,821,59766,,false,2022-05-24T16:09:34.064Z,,,
_019b535286fa490a,76,120,5,5,2499,2500,pbp22,interleaved-dis-dis,838,70594,,false,2022-05-24T16:09:34.065Z,,,
_019b535286fa490a,76,120,1,5,2499,2500,pbp22,interleaved-dis-dis,857,81942,,false,2022-05-24T16:09:34.065Z,,,
_019b535286fa490a,76,120,2,5,2499,2500,pbp22,interleaved-dis-dis,834,70595,,false,2022-05-24T16:09:34.066Z,,,
_019b535286fa490a,76,120,4,5,2499,2500,pbp22,interleaved-dis-dis,807,65476,,false,2022-05-24T16:09:34.068Z,,,
_019b535286fa490a,77,120,3,5,2499,2500,pbp22,blocked-sim-sim,833,63663,,false,2022-05-24T16:10:46.852Z,,,
_019b535286fa490a,77,120,5,5,2499,2500,pbp22,blocked-sim-sim,841,54832,,false,2022-05-24T16:10:46.853Z,,,
_019b535286fa490a,77,120,1,5,2499,2500,pbp22,blocked-sim-sim,838,60577,,false,2022-05-24T16:10:46.854Z,,,
_019b535286fa490a,77,120,4,5,2499,2500,pbp22,blocked-sim-sim,849,69466,,false,2022-05-24T16:10:46.855Z,,,
_019b535286fa490a,77,120,2,5,2499,2500,pbp22,blocked-sim-sim,843,55407,,false,2022-05-24T16:10:46.856Z,,,
_019b535286fa490a,78,120,4,5,2499,2500,pbp22,blocked-sim-dis,818,47878,,false,2022-05-24T16:11:58.089Z,,,
_019b535286fa490a,78,120,5,5,2499,2500,pbp22,blocked-sim-dis,836,79386,,false,2022-05-24T16:11:58.090Z,,,
_019b535286fa490a,78,120,3,5,2499,2500,pbp22,blocked-sim-dis,820,55000,,false,2022-05-24T16:11:58.091Z,,,
_019b535286fa490a,78,120,1,5,2499,2500,pbp22,blocked-sim-dis,832,71811,,false,2022-05-24T16:11:58.092Z,,,
_019b535286fa490a,78,120,2,5,2499,2500,pbp22,blocked-sim-dis,839,77860,,false,2022-05-24T16:11:58.094Z,,,
_019b535286fa490a,79,120,4,5,2499,2500,pbp22,blocked-dis-sim,847,56109,,false,2022-05-24T16:13:12.548Z,,,
_019b535286fa490a,79,120,5,5,2499,2500,pbp22,blocked-dis-sim,836,56888,,false,2022-05-24T16:13:12.549Z,,,
_019b535286fa490a,79,120,3,5,2499,2500,pbp22,blocked-dis-sim,840,59396,,false,2022-05-24T16:13:12.551Z,,,
_019b535286fa490a,79,120,1,5,2499,2500,pbp22,blocked-dis-sim,846,75840,,false,2022-05-24T16:13:12.552Z,,,
_019b535286fa490a,79,120,2,5,2499,2500,pbp22,blocked-dis-sim,833,70879,,false,2022-05-24T16:13:12.554Z,,,
_019b535286fa490a,80,120,3,5,2499,2500,pbp22,blocked-dis-dis,830,56875,,false,2022-05-24T16:14:24.569Z,,,
_019b535286fa490a,80,120,1,5,2499,2500,pbp22,blocked-dis-dis,834,60895,,false,2022-05-24T16:14:24.571Z,,,
_019b535286fa490a,80,120,5,5,2499,2500,pbp22,blocked-dis-dis,837,71574,,false,2022-05-24T16:14:24.573Z,,,
_019b535286fa490a,80,120,2,5,2499,2500,pbp22,blocked-dis-dis,819,53620,,false,2022-05-24T16:14:24.577Z,,,
_019b535286fa490a,80,120,4,5,2499,2500,pbp22,blocked-dis-dis,842,72618,,false,2022-05-24T16:14:24.578Z,,,
_019b535286fa490a,81,120,3,5,2499,2500,pbp26,interleaved-sim-sim,3258,61743,,false,2022-05-24T16:15:51.806Z,,,
_019b535286fa490a,81,120,4,5,2499,2500,pbp26,interleaved-sim-sim,3339,68066,,false,2022-05-24T16:15:51.807Z,,,
_019b535286fa490a,81,120,5,5,2499,2500,pbp26,interleaved-sim-sim,3695,86838,,false,2022-05-24T16:15:51.808Z,,,
_019b535286fa490a,81,120,1,5,2499,2500,pbp26,interleaved-sim-sim,3469,74287,,false,2022-05-24T16:15:51.810Z,,,
_019b535286fa490a,81,120,2,5,2499,2500,pbp26,interleaved-sim-sim,3412,74967,,false,2022-05-24T16:15:51.811Z,,,
_019b535286fa490a,82,120,4,5,2499,2500,pbp26,interleaved-sim-dis,3453,82932,,false,2022-05-24T16:17:16.555Z,,,
_019b535286fa490a,82,120,5,5,2499,2500,pbp26,interleaved-sim-dis,3089,65395,,false,2022-05-24T16:17:16.556Z,,,
_019b535286fa490a,82,120,2,5,2499,2500,pbp26,interleaved-sim-dis,3544,81741,,false,2022-05-24T16:17:16.557Z,,,
_019b535286fa490a,82,120,3,5,2499,2500,pbp26,interleaved-sim-dis,3687,74903,,false,2022-05-24T16:17:16.560Z,,,
_019b535286fa490a,82,120,1,5,2499,2500,pbp26,interleaved-sim-dis,3288,65778,,false,2022-05-24T16:17:16.561Z,,,
_019b535286fa490a,83,120,2,5,2499,2500,pbp26,interleaved-dis-sim,3322,38229,,false,2022-05-24T16:18:40.232Z,,,
_019b535286fa490a,83,120,4,5,2499,2500,pbp26,interleaved-dis-sim,3648,54004,,false,2022-05-24T16:18:40.233Z,,,
_019b535286fa490a,83,120,5,5,2499,2500,pbp26,interleaved-dis-sim,3831,55024,,false,2022-05-24T16:18:40.234Z,,,
_019b535286fa490a,83,120,3,5,2499,2500,pbp26,interleaved-dis-sim,3461,48001,,false,2022-05-24T16:18:40.235Z,,,
_019b535286fa490a,83,120,1,5,2499,2500,pbp26,interleaved-dis-sim,3507,61658,,false,2022-05-24T16:18:40.239Z,,,
_019b535286fa490a,84,120,3,5,2499,2500,pbp26,interleaved-dis-dis,3368,62697,,false,2022-05-24T16:20:04.068Z,,,
_019b535286fa490a,84,120,4,5,2499,2500,pbp26,interleaved-dis-dis,3341,56795,,false,2022-05-24T16:20:04.069Z,,,
_019b535286fa490a,84,120,2,5,2499,2500,pbp26,interleaved-dis-dis,3297,57261,,false,2022-05-24T16:20:04.071Z,,,
_019b535286fa490a,84,120,1,5,2499,2500,pbp26,interleaved-dis-dis,3558,65459,,false,2022-05-24T16:20:04.072Z,,,
_019b535286fa490a,84,120,5,5,2499,2500,pbp26,interleaved-dis-dis,3539,57063,,false,2022-05-24T16:20:04.074Z,,,
_019b535286fa490a,85,120,5,5,2499,2500,pbp26,blocked-sim-sim,3903,61045,,false,2022-05-24T16:21:28.780Z,,,
_019b535286fa490a,85,120,2,5,2499,2500,pbp26,blocked-sim-sim,3768,74061,,false,2022-05-24T16:21:28.781Z,,,
_019b535286fa490a,85,120,3,5,2499,2500,pbp26,blocked-sim-sim,3941,58515,,false,2022-05-24T16:21:28.782Z,,,
_019b535286fa490a,85,120,1,5,2499,2500,pbp26,blocked-sim-sim,3754,70126,,false,2022-05-24T16:21:28.783Z,,,
_019b535286fa490a,85,120,4,5,2499,2500,pbp26,blocked-sim-sim,3271,60278,,false,2022-05-24T16:21:28.784Z,,,
_019b535286fa490a,86,120,2,5,2499,2500,pbp26,blocked-sim-dis,3256,68360,,false,2022-05-24T16:22:51.083Z,,,
_019b535286fa490a,86,120,4,5,2499,2500,pbp26,blocked-sim-dis,3314,56277,,false,2022-05-24T16:22:51.088Z,,,
_019b535286fa490a,86,120,5,5,2499,2500,pbp26,blocked-sim-dis,3570,61077,,false,2022-05-24T16:22:51.093Z,,,
_019b535286fa490a,86,120,1,5,2499,2500,pbp26,blocked-sim-dis,3434,65218,,false,2022-05-24T16:22:51.095Z,,,
_019b535286fa490a,86,120,3,5,2499,2500,pbp26,blocked-sim-dis,3438,78161,,false,2022-05-24T16:22:51.096Z,,,
_019b535286fa490a,87,120,4,5,2499,2500,pbp26,blocked-dis-sim,3516,61875,,false,2022-05-24T16:24:07.933Z,,,
_019b535286fa490a,87,120,3,5,2499,2500,pbp26,blocked-dis-sim,3361,78473,,false,2022-05-24T16:24:07.934Z,,,
_019b535286fa490a,87,120,1,5,2499,2500,pbp26,blocked-dis-sim,3329,56346,,false,2022-05-24T16:24:07.937Z,,,
_019b535286fa490a,87,120,2,5,2499,2500,pbp26,blocked-dis-sim,3273,71419,,false,2022-05-24T16:24:07.939Z,,,
_019b535286fa490a,87,120,5,5,2499,2500,pbp26,blocked-dis-sim,3346,76878,,false,2022-05-24T16:24:07.940Z,,,
_019b535286fa490a,88,120,2,5,2499,2500,pbp26,blocked-dis-dis,3147,60494,,false,2022-05-24T16:25:26.395Z,,,
_019b535286fa490a,88,120,4,5,2499,2500,pbp26,blocked-dis-dis,3377,64175,,false,2022-05-24T16:25:26.397Z,,,
_019b535286fa490a,88,120,5,5,2499,2500,pbp26,blocked-dis-dis,3358,57256,,false,2022-05-24T16:25:26.402Z,,,
_019b535286fa490a,88,120,1,5,2499,2500,pbp26,blocked-dis-dis,3510,69827,,false,2022-05-24T16:25:26.405Z,,,
_019b535286fa490a,88,120,3,5,2499,2500,pbp26,blocked-dis-dis,3503,49800,,false,2022-05-24T16:25:26.408Z,,,
_019b535286fa490a,89,120,3,5,2499,2500,pbp30,interleaved-sim-sim,554,42592,,false,2022-05-24T16:26:29.480Z,,,
_019b535286fa490a,89,120,2,5,2499,2500,pbp30,interleaved-sim-sim,539,52339,,false,2022-05-24T16:26:29.482Z,,,
_019b535286fa490a,89,120,4,5,2499,2500,pbp30,interleaved-sim-sim,524,49911,,false,2022-05-24T16:26:29.484Z,,,
_019b535286fa490a,89,120,5,5,2499,2500,pbp30,interleaved-sim-sim,542,52748,,false,2022-05-24T16:26:29.486Z,,,
_019b535286fa490a,89,120,1,5,2499,2500,pbp30,interleaved-sim-sim,488,48868,,false,2022-05-24T16:26:29.490Z,,,
_019b535286fa490a,90,120,3,5,2499,2500,pbp30,interleaved-sim-dis,474,34513,,false,2022-05-24T16:27:31.372Z,,,
_019b535286fa490a,90,120,1,5,2499,2500,pbp30,interleaved-sim-dis,525,43832,,false,2022-05-24T16:27:31.374Z,,,
_019b535286fa490a,90,120,5,5,2499,2500,pbp30,interleaved-sim-dis,516,49410,,false,2022-05-24T16:27:31.375Z,,,
_019b535286fa490a,90,120,2,5,2499,2500,pbp30,interleaved-sim-dis,497,45045,,false,2022-05-24T16:27:31.379Z,,,
_019b535286fa490a,90,120,4,5,2499,2500,pbp30,interleaved-sim-dis,542,40627,,false,2022-05-24T16:27:31.380Z,,,
_019b535286fa490a,91,120,3,5,2499,2500,pbp30,interleaved-dis-sim,514,48865,,false,2022-05-24T16:28:32.748Z,,,
_019b535286fa490a,91,120,2,5,2499,2500,pbp30,interleaved-dis-sim,520,48862,,false,2022-05-24T16:28:32.749Z,,,
_019b535286fa490a,91,120,5,5,2499,2500,pbp30,interleaved-dis-sim,505,49873,,false,2022-05-24T16:28:32.750Z,,,
_019b535286fa490a,91,120,1,5,2499,2500,pbp30,interleaved-dis-sim,525,41575,,false,2022-05-24T16:28:32.752Z,,,
_019b535286fa490a,91,120,4,5,2499,2500,pbp30,interleaved-dis-sim,530,40499,,false,2022-05-24T16:28:32.753Z,,,
_019b535286fa490a,92,120,2,5,2499,2500,pbp30,interleaved-dis-dis,536,42204,,false,2022-05-24T16:29:33.705Z,,,
_019b535286fa490a,92,120,4,5,2499,2500,pbp30,interleaved-dis-dis,541,54586,,false,2022-05-24T16:29:33.707Z,,,
_019b535286fa490a,92,120,3,5,2499,2500,pbp30,interleaved-dis-dis,552,51611,,false,2022-05-24T16:29:33.708Z,,,
_019b535286fa490a,92,120,5,5,2499,2500,pbp30,interleaved-dis-dis,528,50642,,false,2022-05-24T16:29:33.714Z,,,
_019b535286fa490a,92,120,1,5,2499,2500,pbp30,interleaved-dis-dis,550,47906,,false,2022-05-24T16:29:33.715Z,,,
_019b535286fa490a,93,120,1,5,2499,2500,pbp30,blocked-sim-sim,527,45149,,false,2022-05-24T16:30:35.468Z,,,
_019b535286fa490a,93,120,3,5,2499,2500,pbp30,blocked-sim-sim,547,51282,,false,2022-05-24T16:30:35.470Z,,,
_019b535286fa490a,93,120,4,5,2499,2500,pbp30,blocked-sim-sim,544,58035,,false,2022-05-24T16:30:35.472Z,,,
_019b535286fa490a,93,120,2,5,2499,2500,pbp30,blocked-sim-sim,538,45360,,false,2022-05-24T16:30:35.474Z,,,
_019b535286fa490a,93,120,5,5,2499,2500,pbp30,blocked-sim-sim,522,53697,,false,2022-05-24T16:30:35.477Z,,,
_019b535286fa490a,94,120,2,5,2499,2500,pbp30,blocked-sim-dis,541,55583,,false,2022-05-24T16:31:36.753Z,,,
_019b535286fa490a,94,120,4,5,2499,2500,pbp30,blocked-sim-dis,559,52228,,false,2022-05-24T16:31:36.755Z,,,
_019b535286fa490a,94,120,3,5,2499,2500,pbp30,blocked-sim-dis,556,54226,,false,2022-05-24T16:31:36.756Z,,,
_019b535286fa490a,94,120,5,5,2499,2500,pbp30,blocked-sim-dis,542,40510,,false,2022-05-24T16:31:36.759Z,,,
_019b535286fa490a,94,120,1,5,2499,2500,pbp30,blocked-sim-dis,527,38152,,false,2022-05-24T16:31:36.761Z,,,
_019b535286fa490a,95,120,1,5,2499,2500,pbp30,blocked-dis-sim,559,54262,,false,2022-05-24T16:32:38.247Z,,,
_019b535286fa490a,95,120,3,5,2499,2500,pbp30,blocked-dis-sim,545,48525,,false,2022-05-24T16:32:38.249Z,,,
_019b535286fa490a,95,120,5,5,2499,2500,pbp30,blocked-dis-sim,537,47209,,false,2022-05-24T16:32:38.250Z,,,
_019b535286fa490a,95,120,2,5,2499,2500,pbp30,blocked-dis-sim,555,53804,,false,2022-05-24T16:32:38.251Z,,,
_019b535286fa490a,95,120,4,5,2499,2500,pbp30,blocked-dis-sim,540,40146,,false,2022-05-24T16:32:38.253Z,,,
_019b535286fa490a,96,120,1,5,2499,2500,pbp30,blocked-dis-dis,561,56198,,false,2022-05-24T16:33:39.807Z,,,
_019b535286fa490a,96,120,2,5,2499,2500,pbp30,blocked-dis-dis,543,48970,,false,2022-05-24T16:33:39.808Z,,,
_019b535286fa490a,96,120,5,5,2499,2500,pbp30,blocked-dis-dis,537,42582,,false,2022-05-24T16:33:39.810Z,,,
_019b535286fa490a,96,120,4,5,2499,2500,pbp30,blocked-dis-dis,551,50732,,false,2022-05-24T16:33:39.812Z,,,
_019b535286fa490a,96,120,3,5,2499,2500,pbp30,blocked-dis-dis,552,47838,,false,2022-05-24T16:33:39.813Z,,,
_019b535286fa490a,97,120,4,5,2499,2500,pbp31,interleaved-sim-sim,1260,73431,,false,2022-05-24T16:34:54.671Z,,,
_019b535286fa490a,97,120,5,5,2499,2500,pbp31,interleaved-sim-sim,1253,69288,,false,2022-05-24T16:34:54.673Z,,,
_019b535286fa490a,97,120,2,5,2499,2500,pbp31,interleaved-sim-sim,1234,66501,,false,2022-05-24T16:34:54.677Z,,,
_019b535286fa490a,97,120,3,5,2499,2500,pbp31,interleaved-sim-sim,1133,62179,,false,2022-05-24T16:34:54.678Z,,,
_019b535286fa490a,97,120,1,5,2499,2500,pbp31,interleaved-sim-sim,1206,71071,,false,2022-05-24T16:34:54.679Z,,,
_019b535286fa490a,98,120,4,5,2499,2500,pbp31,interleaved-sim-dis,1224,72587,,false,2022-05-24T16:36:07.261Z,,,
_019b535286fa490a,98,120,1,5,2499,2500,pbp31,interleaved-sim-dis,1203,88664,,false,2022-05-24T16:36:07.263Z,,,
_019b535286fa490a,98,120,5,5,2499,2500,pbp31,interleaved-sim-dis,1258,74888,,false,2022-05-24T16:36:07.264Z,,,
_019b535286fa490a,98,120,2,5,2499,2500,pbp31,interleaved-sim-dis,1259,67501,,false,2022-05-24T16:36:07.267Z,,,
_019b535286fa490a,98,120,3,5,2499,2500,pbp31,interleaved-sim-dis,1179,64684,,false,2022-05-24T16:36:07.268Z,,,
_019b535286fa490a,99,120,3,5,2499,2500,pbp31,interleaved-dis-sim,1241,58880,,false,2022-05-24T16:37:26.456Z,,,
_019b535286fa490a,99,120,4,5,2499,2500,pbp31,interleaved-dis-sim,1205,63551,,false,2022-05-24T16:37:26.459Z,,,
_019b535286fa490a,99,120,5,5,2499,2500,pbp31,interleaved-dis-sim,1212,71404,,false,2022-05-24T16:37:26.461Z,,,
_019b535286fa490a,99,120,2,5,2499,2500,pbp31,interleaved-dis-sim,1218,66736,,false,2022-05-24T16:37:26.462Z,,,
_019b535286fa490a,99,120,1,5,2499,2500,pbp31,interleaved-dis-sim,1129,67184,,false,2022-05-24T16:37:26.466Z,,,
_715d58a60b5bce8e,98,120,5,5,2499,2500,pbp31,interleaved-sim-dis,1247,70563,,false,2022-05-31T14:14:00.291Z,,,
_715d58a60b5bce8e,98,120,2,5,2499,2500,pbp31,interleaved-sim-dis,1206,58375,,false,2022-05-31T14:14:00.300Z,,,
_715d58a60b5bce8e,98,120,1,5,2499,2500,pbp31,interleaved-sim-dis,1189,67006,,false,2022-05-31T14:14:00.304Z,,,
_715d58a60b5bce8e,98,120,3,5,2499,2500,pbp31,interleaved-sim-dis,1178,67728,,false,2022-05-31T14:14:00.308Z,,,
_715d58a60b5bce8e,98,120,4,5,2499,2500,pbp31,interleaved-sim-dis,1202,70842,,false,2022-05-31T14:14:00.311Z,,,
_715d58a60b5bce8e,99,120,2,5,2499,2500,pbp31,interleaved-dis-sim,1211,59315,,false,2022-05-31T14:15:18.214Z,,,
_715d58a60b5bce8e,99,120,3,5,2499,2500,pbp31,interleaved-dis-sim,1148,69213,,false,2022-05-31T14:15:18.225Z,,,
_715d58a60b5bce8e,99,120,1,5,2499,2500,pbp31,interleaved-dis-sim,1219,73582,,false,2022-05-31T14:15:18.228Z,,,
_715d58a60b5bce8e,99,120,4,5,2499,2500,pbp31,interleaved-dis-sim,1188,48975,,false,2022-05-31T14:15:18.231Z,,,
_715d58a60b5bce8e,99,120,5,5,2499,2500,pbp31,interleaved-dis-sim,1193,79488,,false,2022-05-31T14:15:18.237Z,,,
_715d58a60b5bce8e,100,120,1,5,2499,2500,pbp31,interleaved-dis-dis,1212,56705,,false,2022-05-31T14:16:35.196Z,,,
_715d58a60b5bce8e,100,120,2,5,2499,2500,pbp31,interleaved-dis-dis,1222,64303,,false,2022-05-31T14:16:35.203Z,,,
_715d58a60b5bce8e,100,120,3,5,2499,2500,pbp31,interleaved-dis-dis,1202,63862,,false,2022-05-31T14:16:35.210Z,,,
_715d58a60b5bce8e,100,120,5,5,2499,2500,pbp31,interleaved-dis-dis,1251,64144,,false,2022-05-31T14:16:35.213Z,,,
_715d58a60b5bce8e,100,120,4,5,2499,2500,pbp31,interleaved-dis-dis,1179,47753,,false,2022-05-31T14:16:35.216Z,,,
_715d58a60b5bce8e,101,120,2,5,2499,2500,pbp31,blocked-sim-sim,1299,71587,,false,2022-05-31T14:17:52.672Z,,,
_715d58a60b5bce8e,101,120,3,5,2499,2500,pbp31,blocked-sim-sim,1255,78394,,false,2022-05-31T14:17:52.679Z,,,
_715d58a60b5bce8e,101,120,1,5,2499,2500,pbp31,blocked-sim-sim,1311,74731,,false,2022-05-31T14:17:52.682Z,,,
_715d58a60b5bce8e,101,120,5,5,2499,2500,pbp31,blocked-sim-sim,1200,74065,,false,2022-05-31T14:17:52.686Z,,,
_715d58a60b5bce8e,101,120,4,5,2499,2500,pbp31,blocked-sim-sim,1246,81488,,false,2022-05-31T14:17:52.692Z,,,
_715d58a60b5bce8e,102,120,1,5,2499,2500,pbp31,blocked-sim-dis,1255,59503,,false,2022-05-31T14:19:10.606Z,,,
_715d58a60b5bce8e,102,120,4,5,2499,2500,pbp31,blocked-sim-dis,1287,76047,,false,2022-05-31T14:19:10.612Z,,,
_715d58a60b5bce8e,102,120,5,5,2499,2500,pbp31,blocked-sim-dis,1290,75062,,false,2022-05-31T14:19:10.617Z,,,
_715d58a60b5bce8e,102,120,2,5,2499,2500,pbp31,blocked-sim-dis,1284,84784,,false,2022-05-31T14:19:10.622Z,,,
_715d58a60b5bce8e,102,120,3,5,2499,2500,pbp31,blocked-sim-dis,1280,53751,,false,2022-05-31T14:19:10.625Z,,,
_715d58a60b5bce8e,103,120,2,5,2499,2500,pbp31,blocked-dis-sim,1225,65176,,false,2022-05-31T14:20:27.164Z,,,
_715d58a60b5bce8e,103,120,4,5,2499,2500,pbp31,blocked-dis-sim,1191,34107,,false,2022-05-31T14:20:27.167Z,,,
_715d58a60b5bce8e,103,120,5,5,2499,2500,pbp31,blocked-dis-sim,1247,71086,,false,2022-05-31T14:20:27.170Z,,,
_715d58a60b5bce8e,103,120,3,5,2499,2500,pbp31,blocked-dis-sim,1214,50511,,false,2022-05-31T14:20:27.173Z,,,
_715d58a60b5bce8e,103,120,1,5,2499,2500,pbp31,blocked-dis-sim,1271,75520,,false,2022-05-31T14:20:27.177Z,,,
_715d58a60b5bce8e,104,120,4,5,2499,2500,pbp31,blocked-dis-dis,1257,58872,,false,2022-05-31T14:21:43.227Z,,,
_715d58a60b5bce8e,104,120,5,5,2499,2500,pbp31,blocked-dis-dis,1266,74579,,false,2022-05-31T14:21:43.230Z,,,
_715d58a60b5bce8e,104,120,3,5,2499,2500,pbp31,blocked-dis-dis,1257,71112,,false,2022-05-31T14:21:43.234Z,,,
_715d58a60b5bce8e,104,120,1,5,2499,2500,pbp31,blocked-dis-dis,1206,66024,,false,2022-05-31T14:21:43.239Z,,,
_715d58a60b5bce8e,104,120,2,5,2499,2500,pbp31,blocked-dis-dis,1243,66050,,false,2022-05-31T14:21:43.244Z,,,
_715d58a60b5bce8e,105,120,4,5,2499,2500,pbp35,interleaved-sim-sim,1101,83175,,false,2022-05-31T14:22:58.584Z,,,
_715d58a60b5bce8e,105,120,5,5,2499,2500,pbp35,interleaved-sim-sim,1109,53696,,false,2022-05-31T14:22:58.588Z,,,
_715d58a60b5bce8e,105,120,1,5,2499,2500,pbp35,interleaved-sim-sim,1121,64684,,false,2022-05-31T14:22:58.591Z,,,
_715d58a60b5bce8e,105,120,3,5,2499,2500,pbp35,interleaved-sim-sim,1099,68848,,false,2022-05-31T14:22:58.594Z,,,
_715d58a60b5bce8e,105,120,2,5,2499,2500,pbp35,interleaved-sim-sim,1127,56926,,false,2022-05-31T14:22:58.597Z,,,
_715d58a60b5bce8e,106,120,5,5,2499,2500,pbp35,interleaved-sim-dis,1136,71709,,false,2022-05-31T14:24:14.517Z,,,
_715d58a60b5bce8e,106,120,4,5,2499,2500,pbp35,interleaved-sim-dis,1079,65192,,false,2022-05-31T14:24:14.519Z,,,
_715d58a60b5bce8e,106,120,1,5,2499,2500,pbp35,interleaved-sim-dis,1091,66664,,false,2022-05-31T14:24:14.521Z,,,
_715d58a60b5bce8e,106,120,3,5,2499,2500,pbp35,interleaved-sim-dis,1120,57088,,false,2022-05-31T14:24:14.523Z,,,
_715d58a60b5bce8e,106,120,2,5,2499,2500,pbp35,interleaved-sim-dis,1090,65970,,false,2022-05-31T14:24:14.525Z,,,
_715d58a60b5bce8e,107,120,2,5,2499,2500,pbp35,interleaved-dis-sim,1046,40826,,false,2022-05-31T14:25:21.788Z,,,
_715d58a60b5bce8e,107,120,3,5,2499,2500,pbp35,interleaved-dis-sim,1014,37773,,false,2022-05-31T14:25:21.791Z,,,
_715d58a60b5bce8e,107,120,1,5,2499,2500,pbp35,interleaved-dis-sim,939,43405,,false,2022-05-31T14:25:21.794Z,,,
_715d58a60b5bce8e,107,120,4,5,2499,2500,pbp35,interleaved-dis-sim,1055,60357,,false,2022-05-31T14:25:21.799Z,,,
_715d58a60b5bce8e,107,120,5,5,2499,2500,pbp35,interleaved-dis-sim,1044,41951,,false,2022-05-31T14:25:21.802Z,,,
_715d58a60b5bce8e,108,120,2,5,2499,2500,pbp35,interleaved-dis-dis,1059,47257,,false,2022-05-31T14:26:32.367Z,,,
_715d58a60b5bce8e,108,120,1,5,2499,2500,pbp35,interleaved-dis-dis,1087,59956,,false,2022-05-31T14:26:32.370Z,,,
_715d58a60b5bce8e,108,120,5,5,2499,2500,pbp35,interleaved-dis-dis,1096,60089,,false,2022-05-31T14:26:32.372Z,,,
_715d58a60b5bce8e,108,120,3,5,2499,2500,pbp35,interleaved-dis-dis,1102,67955,,false,2022-05-31T14:26:32.375Z,,,
_715d58a60b5bce8e,108,120,4,5,2499,2500,pbp35,interleaved-dis-dis,1048,43069,,false,2022-05-31T14:26:32.376Z,,,
_715d58a60b5bce8e,109,120,3,5,2499,2500,pbp35,blocked-sim-sim,1031,46870,,false,2022-05-31T14:27:42.200Z,,,
_715d58a60b5bce8e,109,120,4,5,2499,2500,pbp35,blocked-sim-sim,1050,54971,,false,2022-05-31T14:27:42.206Z,,,
_715d58a60b5bce8e,109,120,1,5,2499,2500,pbp35,blocked-sim-sim,1059,55067,,false,2022-05-31T14:27:42.209Z,,,
_715d58a60b5bce8e,109,120,2,5,2499,2500,pbp35,blocked-sim-sim,1061,46160,,false,2022-05-31T14:27:42.213Z,,,
_715d58a60b5bce8e,109,120,5,5,2499,2500,pbp35,blocked-sim-sim,1070,51480,,false,2022-05-31T14:27:42.217Z,,,
_715d58a60b5bce8e,110,120,4,5,2499,2500,pbp35,blocked-sim-dis,1067,49006,,false,2022-05-31T14:28:51.814Z,,,
_715d58a60b5bce8e,110,120,5,5,2499,2500,pbp35,blocked-sim-dis,1019,47454,,false,2022-05-31T14:28:51.815Z,,,
_715d58a60b5bce8e,110,120,1,5,2499,2500,pbp35,blocked-sim-dis,1139,64122,,false,2022-05-31T14:28:51.817Z,,,
_715d58a60b5bce8e,110,120,3,5,2499,2500,pbp35,blocked-sim-dis,1069,63130,,false,2022-05-31T14:28:51.822Z,,,
_715d58a60b5bce8e,110,120,2,5,2499,2500,pbp35,blocked-sim-dis,1114,58392,,false,2022-05-31T14:28:51.824Z,,,
_715d58a60b5bce8e,111,120,4,5,2499,2500,pbp35,blocked-dis-sim,1102,51614,,false,2022-05-31T14:29:58.510Z,,,
_715d58a60b5bce8e,111,120,1,5,2499,2500,pbp35,blocked-dis-sim,1108,60334,,false,2022-05-31T14:29:58.512Z,,,
_715d58a60b5bce8e,111,120,5,5,2499,2500,pbp35,blocked-dis-sim,1076,55850,,false,2022-05-31T14:29:58.514Z,,,
_715d58a60b5bce8e,111,120,3,5,2499,2500,pbp35,blocked-dis-sim,1108,52417,,false,2022-05-31T14:29:58.516Z,,,
_715d58a60b5bce8e,111,120,2,5,2499,2500,pbp35,blocked-dis-sim,1104,38764,,false,2022-05-31T14:29:58.522Z,,,
_715d58a60b5bce8e,112,120,4,5,2499,2500,pbp35,blocked-dis-dis,1084,53249,,false,2022-05-31T14:31:05.896Z,,,
_715d58a60b5bce8e,112,120,2,5,2499,2500,pbp35,blocked-dis-dis,1077,48220,,false,2022-05-31T14:31:05.898Z,,,
_715d58a60b5bce8e,112,120,5,5,2499,2500,pbp35,blocked-dis-dis,1079,51657,,false,2022-05-31T14:31:05.901Z,,,
_715d58a60b5bce8e,112,120,3,5,2499,2500,pbp35,blocked-dis-dis,1067,46738,,false,2022-05-31T14:31:05.903Z,,,
_715d58a60b5bce8e,112,120,1,5,2499,2500,pbp35,blocked-dis-dis,1089,50100,,false,2022-05-31T14:31:05.909Z,,,
_715d58a60b5bce8e,113,120,2,5,2499,2500,pbp36,interleaved-sim-sim,1254,81200,,false,2022-05-31T14:32:12.918Z,,,
_715d58a60b5bce8e,113,120,3,5,2499,2500,pbp36,interleaved-sim-sim,1266,56184,,false,2022-05-31T14:32:12.920Z,,,
_715d58a60b5bce8e,113,120,1,5,2499,2500,pbp36,interleaved-sim-sim,1189,62001,,false,2022-05-31T14:32:12.922Z,,,
_715d58a60b5bce8e,113,120,4,5,2499,2500,pbp36,interleaved-sim-sim,1284,63550,,false,2022-05-31T14:32:12.924Z,,,
_715d58a60b5bce8e,113,120,5,5,2499,2500,pbp36,interleaved-sim-sim,1159,64917,,false,2022-05-31T14:32:12.932Z,,,
_715d58a60b5bce8e,114,120,1,5,2499,2500,pbp36,interleaved-sim-dis,1207,55658,,false,2022-05-31T14:33:20.530Z,,,
_715d58a60b5bce8e,114,120,5,5,2499,2500,pbp36,interleaved-sim-dis,1212,73682,,false,2022-05-31T14:33:20.535Z,,,
_715d58a60b5bce8e,114,120,4,5,2499,2500,pbp36,interleaved-sim-dis,1154,62931,,false,2022-05-31T14:33:20.539Z,,,
_715d58a60b5bce8e,114,120,3,5,2499,2500,pbp36,interleaved-sim-dis,1095,69904,,false,2022-05-31T14:33:20.541Z,,,
_715d58a60b5bce8e,114,120,2,5,2499,2500,pbp36,interleaved-sim-dis,1169,65539,,false,2022-05-31T14:33:20.544Z,,,
_715d58a60b5bce8e,115,120,1,5,2499,2500,pbp36,interleaved-dis-sim,1215,56173,,false,2022-05-31T14:34:25.877Z,,,
_715d58a60b5bce8e,115,120,2,5,2499,2500,pbp36,interleaved-dis-sim,1223,63728,,false,2022-05-31T14:34:25.881Z,,,
_715d58a60b5bce8e,115,120,5,5,2499,2500,pbp36,interleaved-dis-sim,1259,59148,,false,2022-05-31T14:34:25.884Z,,,
_715d58a60b5bce8e,115,120,3,5,2499,2500,pbp36,interleaved-dis-sim,1277,63019,,false,2022-05-31T14:34:25.888Z,,,
_715d58a60b5bce8e,115,120,4,5,2499,2500,pbp36,interleaved-dis-sim,1297,65093,,false,2022-05-31T14:34:25.890Z,,,
_715d58a60b5bce8e,116,120,1,5,2499,2500,pbp36,interleaved-dis-dis,1247,61075,,false,2022-05-31T14:35:31.442Z,,,
_715d58a60b5bce8e,116,120,5,5,2499,2500,pbp36,interleaved-dis-dis,1235,58998,,false,2022-05-31T14:35:31.444Z,,,
_715d58a60b5bce8e,116,120,2,5,2499,2500,pbp36,interleaved-dis-dis,1233,53525,,false,2022-05-31T14:35:31.447Z,,,
_715d58a60b5bce8e,116,120,4,5,2499,2500,pbp36,interleaved-dis-dis,1222,65831,,false,2022-05-31T14:35:31.454Z,,,
_715d58a60b5bce8e,116,120,3,5,2499,2500,pbp36,interleaved-dis-dis,1280,62165,,false,2022-05-31T14:35:31.456Z,,,
_715d58a60b5bce8e,117,120,5,5,2499,2500,pbp36,blocked-sim-sim,1262,74842,,false,2022-05-31T14:36:40.452Z,,,
_715d58a60b5bce8e,117,120,3,5,2499,2500,pbp36,blocked-sim-sim,1326,60054,,false,2022-05-31T14:36:40.455Z,,,
_715d58a60b5bce8e,117,120,4,5,2499,2500,pbp36,blocked-sim-sim,1212,69870,,false,2022-05-31T14:36:40.456Z,,,
_715d58a60b5bce8e,117,120,1,5,2499,2500,pbp36,blocked-sim-sim,1271,54309,,false,2022-05-31T14:36:40.459Z,,,
_715d58a60b5bce8e,117,120,2,5,2499,2500,pbp36,blocked-sim-sim,1241,61720,,false,2022-05-31T14:36:40.461Z,,,
_715d58a60b5bce8e,118,120,4,5,2499,2500,pbp36,blocked-sim-dis,1292,63650,,false,2022-05-31T14:37:48.350Z,,,
_715d58a60b5bce8e,118,120,3,5,2499,2500,pbp36,blocked-sim-dis,1336,68544,,false,2022-05-31T14:37:48.353Z,,,
_715d58a60b5bce8e,118,120,1,5,2499,2500,pbp36,blocked-sim-dis,1297,62210,,false,2022-05-31T14:37:48.356Z,,,
_715d58a60b5bce8e,118,120,2,5,2499,2500,pbp36,blocked-sim-dis,1210,66264,,false,2022-05-31T14:37:48.360Z,,,
_715d58a60b5bce8e,118,120,5,5,2499,2500,pbp36,blocked-sim-dis,1255,58525,,false,2022-05-31T14:37:48.363Z,,,
_715d58a60b5bce8e,119,120,3,5,2499,2500,pbp36,blocked-dis-sim,1260,43780,,false,2022-05-31T14:38:53.832Z,,,
_715d58a60b5bce8e,119,120,1,5,2499,2500,pbp36,blocked-dis-sim,1262,71689,,false,2022-05-31T14:38:53.834Z,,,
_715d58a60b5bce8e,119,120,2,5,2499,2500,pbp36,blocked-dis-sim,1234,58072,,false,2022-05-31T14:38:53.835Z,,,
_715d58a60b5bce8e,119,120,4,5,2499,2500,pbp36,blocked-dis-sim,1316,62459,,false,2022-05-31T14:38:53.837Z,,,
_715d58a60b5bce8e,119,120,5,5,2499,2500,pbp36,blocked-dis-sim,1276,52512,,false,2022-05-31T14:38:53.841Z,,,
_715d58a60b5bce8e,120,120,3,5,2499,2500,pbp36,blocked-dis-dis,1185,53386,,false,2022-05-31T14:40:04.063Z,,,
_715d58a60b5bce8e,120,120,4,5,2499,2500,pbp36,blocked-dis-dis,1205,45182,,false,2022-05-31T14:40:04.067Z,,,
_715d58a60b5bce8e,120,120,1,5,2499,2500,pbp36,blocked-dis-dis,1300,62190,,false,2022-05-31T14:40:04.073Z,,,
_715d58a60b5bce8e,120,120,2,5,2499,2500,pbp36,blocked-dis-dis,1247,42523,,false,2022-05-31T14:40:04.077Z,,,
_715d58a60b5bce8e,120,120,5,5,2499,2500,pbp36,blocked-dis-dis,1274,57427,,false,2022-05-31T14:40:04.081Z,,,
